epoch,global_step,elapsed_seconds,loss_d,loss_d_std,loss_g,loss_g_std,real_logit,real_logit_std,fake_logit_d,fake_logit_d_std,fake_logit_g,fake_logit_g_std,fixed_min,fixed_max,fixed_mean,fixed_std,fixed_pairwise_l2
1,64,6.538973178999868,0.0773841984191676,0.2155800682620115,6.694869630038738,1.1873626466538705,6.027086598798633,0.9301078779334778,-3.813532891683281,1.1526457694086656,-6.690525155514479,1.1962503209543167,-0.7681920528411865,0.7694219350814819,-0.0703235790133476,0.2045099288225174,0.067949891090393
2,128,6.262257782000006,0.5354200591973495,1.6954561172484135,8.675141532425755,3.2466623142406736,5.1985700582154095,2.8496574343227485,-4.733681245706976,3.806479626222639,-8.485686540603638,3.979544777097429,-0.816697895526886,0.8228536248207092,-0.2479474544525146,0.1841984689235687,0.0925545319914817
3,192,6.523027218999914,0.4188659372157417,0.5465106016586598,8.002719759941101,2.7189785932741395,3.1487085462431423,1.84429628295812,-3.9633808615617454,3.405709163099039,-7.998981300741434,2.723320325359098,-0.932071089744568,0.9423797726631165,-0.3563438653945923,0.1734720170497894,0.08920768648386
4,256,6.496379102999981,0.2308310474036261,0.3427952645486155,7.114413600414991,2.4815081204701266,3.771141822449863,1.458573102299726,-3.749130353797227,2.4470359804005186,-7.1098817512393,2.4857094144770504,-0.8763922452926636,0.9511948227882384,-0.3771238327026367,0.2353570312261581,0.1095939502120018
5,320,6.834243856999819,0.3087761701317504,0.3643142798808464,7.530749075114727,3.2745289288810437,4.661537712439895,1.84172213305408,-4.34065806819126,3.38631037301089,-7.525036185979843,3.279440553339079,-0.8920015692710876,0.9788747429847716,-0.3896462023258209,0.2259704917669296,0.110054537653923
6,384,6.54467055300006,0.1732379848253913,0.1547870544193449,6.424637019634247,1.9377822110066687,4.37693368922919,0.937345211362757,-3.608394512906671,1.9350578231663056,-6.419476516544819,1.9415401016260527,-0.9404680728912354,0.9763672947883606,-0.4359177649021148,0.2361315190792083,0.0813662037253379
7,448,6.396991952999997,0.0923069375276099,0.0389429896842379,5.6972617246210575,1.033629526774107,4.585889294743538,0.833904128031496,-3.5945582427084446,1.0399055828705304,-5.691656731069088,1.0377073574364852,-0.973096489906311,0.9929842948913574,-0.4372234344482422,0.2433853596448898,0.084935575723648
8,512,6.347121282999979,0.2994835610152222,0.5317300565583718,6.953772220760584,3.6197330260152554,4.689324660226703,2.052533620735196,-4.301545534224715,3.5314827635348727,-6.9446095786988735,3.626753271163381,-0.9812880754470824,0.9885324239730836,-0.4929694831371307,0.2067831158638,0.0740327909588813
9,576,6.217732464999926,0.1039809685316868,0.0416995577172372,5.478655189275742,1.0764153607759013,3.939714007079601,0.5769799441739958,-3.2990655284374952,0.7707268179823833,-5.47238290309906,1.080015177286629,-0.9653607606887816,0.9776644110679626,-0.4489816725254059,0.2742483019828796,0.0818430930376052
10,640,6.290904929000135,0.0663861907378304,0.0252163257009967,5.078229531645775,0.6174629643536073,4.415535286068916,0.5499107243392451,-3.586405336856842,0.5347996790105404,-5.070664435625076,0.6208448545589764,-0.9521222114562988,0.981300175189972,-0.4127296209335327,0.2783643901348114,0.0774893835186958
11,704,6.259315062999804,0.0501930091704707,0.0556146054186731,4.975503455847502,0.851910531862397,5.446514572948217,0.7469942241151272,-4.002013485878706,0.5907923096255182,-4.962934218347073,0.8732744494858087,-0.9282104969024658,0.9944153428077698,-0.3997036218643188,0.276862233877182,0.0647381320595741
12,768,6.411415883000018,0.134506260161288,0.4092415733502305,6.227725848555565,3.27678057239194,4.6286213509738445,1.25379763735076,-4.446875425055623,3.0621091200678947,-6.221015691757202,3.279805784783904,-0.9709013104438782,0.8380368947982788,-0.4897421598434448,0.2010931670665741,0.0687559992074966
13,832,6.326180424000086,0.0464533200138248,0.0213675056796972,4.992766745388508,0.4673303543579413,4.986539110541344,0.6531200404922383,-3.9570043310523033,0.4422324629228459,-4.984294220805168,0.4716718114659953,-0.932784140110016,0.962029218673706,-0.3917286396026611,0.2598765194416046,0.0684499517083168
14,896,6.469088003000024,0.0511440796399256,0.0538889435697293,5.985447276383638,1.38927908028091,5.43188201636076,0.6982485318876309,-5.293381579220295,1.4377797484870831,-5.970240443944931,1.4020789500458049,-0.9452643394470216,0.9796410799026488,-0.4443174600601196,0.2235008627176284,0.1108013316988945
15,960,6.455176957000049,0.2928436343790963,0.5261034093838401,6.554656263440847,2.2406071352931525,4.312871441245079,1.8265308537371543,-4.965508577879518,2.384117540409363,-6.49645696207881,2.3415106803857286,-0.980199694633484,0.9805182218551636,-0.4673927724361419,0.2509803175926208,0.1421179622411728
16,1024,6.429561370999863,0.6488485978916287,0.4286989804245847,5.335028566420078,2.034685387777624,2.4478214976843446,1.7010557720269042,-2.4832120173523435,2.0846132685578005,-5.29026738437824,2.099395553611896,-0.9848079681396484,0.9990614652633668,-0.4993935525417328,0.3476212322711944,0.1789757162332534
17,1088,6.472668599999906,0.5184699323726818,0.2953881804292108,6.155672613531351,2.193882983439473,2.761108491569757,1.5903035232005127,-2.9036483836825937,2.184329448785781,-6.138910111039877,2.2102109085449446,-0.9980199337005616,0.999794900417328,-0.5323265790939331,0.3383751809597015,0.1933647692203521
18,1152,6.442600048000031,0.4587983025703579,0.3313345831517239,6.415536556392908,1.9537671815384767,2.880853101145476,1.4346085819419654,-3.093276660714764,2.107247233634066,-6.405170142650604,1.962766112475528,-0.9998533725738524,0.9999255537986756,-0.5803560614585876,0.3229443728923797,0.174755722284317
19,1216,6.532393852000041,0.3666042504482902,0.291680732884722,6.758721895515919,2.1679193036717805,3.3688382235122845,1.5622427766700833,-3.389822369790636,2.289500215632715,-6.751197703182697,2.1753384730234067,-0.9977751970291138,0.999813973903656,-0.5809428095817566,0.3070074319839477,0.1709338128566742
20,1280,6.37404532000005,0.2787791619775817,0.1968440013878982,6.671569138765335,1.8946730107672016,3.3959835804998875,1.1657154603235274,-3.322175969136879,1.979526327380246,-6.665428038686514,1.8989824063440612,-0.9960205554962158,0.9992045164108276,-0.5462695360183716,0.2983767390251159,0.17529858648777
21,1344,6.300004288000082,0.2974612651159987,0.2700263277529849,6.805410731583834,2.3396017304058896,3.67922028247267,1.565968316337582,-3.712340931640938,2.3633366417814687,-6.796646036207676,2.3491041093197484,-0.9970893263816832,0.9999387860298156,-0.5472252368927002,0.3454261422157287,0.1970737725496292
22,1408,6.53004523200002,0.1755025667953305,0.0759035002862309,6.373423703014851,1.4507954621224914,3.623139096423984,0.8704946022162565,-3.3535977778956294,1.530728186572686,-6.368954941630364,1.4535727676707728,-0.9962671399116516,0.9999507069587708,-0.5595797896385193,0.3327129483222961,0.1919938176870346
23,1472,6.399530701999993,0.1922378542367369,0.1182418063712119,6.448236107826233,1.833183927689477,3.9648865684866905,1.106323515533743,-3.57591537758708,1.8855159067583944,-6.442692335695028,1.837813511564043,-0.999579668045044,0.9991697072982788,-0.5785713791847229,0.3326151371002197,0.2061202377080917
24,1536,6.465865747999942,0.2940855998313054,0.5871097560243131,7.338786240667105,2.7012428599707574,3.778833896387368,1.6155382478735425,-4.016218765871599,2.763000929480743,-7.333717584609985,2.704732434401485,-0.9974732398986816,0.9998109340667723,-0.5433856844902039,0.3747493326663971,0.2034475058317184
25,1600,6.409399004000079,0.2090826579951681,0.2072006805010268,6.83705186098814,2.1643476709578766,4.096437571570277,1.4611409828400073,-3.8660384975373754,2.278314953790702,-6.831295661628246,2.170212542246316,-0.9973475933074952,0.999614715576172,-0.5739023089408875,0.3523044884204864,0.2074257582426071
26,1664,6.391296643000032,0.1487957370700314,0.1249132216668106,6.303202204406261,1.6450198943474226,4.484754588454962,1.1672691866064184,-3.867625756189227,1.680621703176121,-6.297130238264799,1.6510343692596563,-0.9892795085906982,0.9994118809700012,-0.5606668591499329,0.3602851629257202,0.2102605551481247
27,1728,6.465477124000017,0.3070571424323134,0.7414804735188227,6.549895908683538,2.9324516062861736,4.228258927352727,2.141332196914474,-4.039657606743276,2.8070394696466106,-6.517704882659018,2.98711903452025,-0.9893365502357484,0.9998854398727416,-0.4808268547058105,0.428857147693634,0.2306708693504333
28,1792,6.373868927999865,0.1593114312854595,0.1147487007396532,6.086902838200331,1.5298348180092107,4.268173323944211,1.0880178781624137,-3.7001920267939568,1.466120542025997,-6.078748609870672,1.5366326637581622,-0.9914546012878418,0.9995800256729126,-0.5353105068206787,0.381576269865036,0.2198532223701477
29,1856,6.4567099980001785,0.1514069401309825,0.188757922850768,5.919913839548826,1.889904598567657,4.209104418754578,1.3357842488862388,-3.8953825626522303,1.827460722249135,-5.911280859261751,1.894967603705361,-0.9944633841514589,0.9988883137702942,-0.5586984753608704,0.343521386384964,0.2371416091918945
30,1920,6.376642288000085,0.2429179516620934,0.3490261852708641,6.755803816020489,2.8002586898022126,4.244620834477246,1.716745662858568,-4.151091197505593,2.8041837746952574,-6.744178583845496,2.813242685026748,-0.9978392720222472,0.999784290790558,-0.6176108717918396,0.3136741518974304,0.1860100924968719
31,1984,6.313284864000025,0.1526043417688924,0.1530189539420725,5.997461028397083,1.8538807051801232,4.3777835854562,1.3129415768807384,-3.9376071877777576,1.921819174340996,-5.987392496317625,1.8628044586308703,-0.9975895285606384,0.9997968673706056,-0.589168131351471,0.3419246077537536,0.2063658088445663
32,2048,6.42878722699993,0.1248916523472871,0.0857711352537392,5.485313229262829,1.369022900868278,4.382425252348185,1.123250777854791,-3.698357904329896,1.4041198743647485,-5.475574545562267,1.376608421632449,-0.9969083666801452,0.9974784255027772,-0.6333655714988708,0.3153598606586456,0.2256593108177185
33,2112,6.461388674999853,0.1359790707356296,0.100943882513275,5.612934820353985,1.6220671360137269,4.342923085205257,1.1847494384943102,-3.8635696042329073,1.5987175969895966,-5.600014876574278,1.633564553026458,-0.997437596321106,0.9970308542251588,-0.6327533721923828,0.2896159291267395,0.2121565192937851
34,2176,6.33036382399996,0.0821645533433184,0.0452759083377665,5.316597297787666,0.8874554372415951,4.54785206541419,0.8020003040808242,-3.827658593654633,0.9617721175619344,-5.307822249829769,0.8939849134674137,-0.9966961741447448,0.999341607093811,-0.6211066842079163,0.3573518097400665,0.2235847562551498
35,2240,6.441000576000079,0.3331626545550534,0.6358028181809133,6.59395595965907,3.3269579547784867,4.367607932537794,2.420563286978881,-4.416850000619888,3.215547694175652,-6.555324653163552,3.395024866235147,-0.9986290335655212,0.9998197555541992,-0.6401398181915283,0.3229300379753113,0.2275601923465728
36,2304,6.341514997000104,0.1996292181574972,0.2377801993486502,5.970192153006792,2.127913900444727,4.047102615237236,1.3890932811477654,-3.486280341167003,2.114083536636429,-5.962098974734545,2.133320083514181,-0.99803227186203,0.9996296167373656,-0.5831195712089539,0.3403878509998321,0.2125773876905441
37,2368,6.501213810999843,0.1189352276560384,0.0705267351840159,5.685393858700991,1.5999606049366364,4.437103079631925,1.0522355214873598,-3.7746105510741472,1.4769247555660103,-5.67567390948534,1.6076705207932886,-0.9983364939689636,0.9988462328910828,-0.6138539910316467,0.3352161645889282,0.2263291478157043
38,2432,6.430976028000259,0.0928550296230241,0.0476933836804001,5.027935516089201,1.0444462719456769,4.334725439548492,0.8720819942637458,-3.6676533706486234,1.027860854843876,-5.016662400215864,1.0515549016101455,-0.9943718314170836,0.9985532760620116,-0.5469208359718323,0.3989098072052002,0.2584074437618255
39,2496,6.395975440999791,0.3854604336956981,0.6417670719768461,7.131614135578275,3.6183221617021832,4.815623891539872,2.6470829590984697,-4.641584445605986,3.46148215494172,-7.097984051797539,3.664838994773079,-0.997731626033783,0.9998910427093506,-0.6064339280128479,0.3560336232185364,0.2348608523607254
40,2560,6.541092781999851,0.1094400822184979,0.0545273410929621,5.670259483158588,1.3355729019035656,4.309783047065139,0.8097024183907011,-3.605235401540994,1.25364896340752,-5.663117486983538,1.3409695059013442,-0.9954552054405212,0.9996285438537598,-0.5822342038154602,0.3669261932373047,0.2256956994533538
41,2624,6.412359161999575,0.1480626170523464,0.2299902753693648,5.4489587265998125,1.916509818909143,4.298470340669155,1.1948215370310926,-3.751291615422815,1.901825002709039,-5.433821320533752,1.933065137526225,-0.99809592962265,0.9990763068199158,-0.5732160210609436,0.3531888127326965,0.2229018062353134
42,2688,6.362453736999669,0.2292869491502642,0.782603399137548,5.888776183128357,2.481176352287597,4.100270941853523,1.5738167007373456,-3.6933102551847696,2.4647292884601515,-5.878903243690729,2.4886712154509523,-0.9938517212867736,0.9999597668647766,-0.5113481283187866,0.3760215044021606,0.2340053915977478
43,2752,6.370706065999912,0.0943475065141683,0.0805021078790969,5.510192684829235,1.574977184010033,4.488087294623256,1.05662976614879,-4.141721457242966,1.551360567246444,-5.498282436281443,1.5867926565211246,-0.9984333515167236,0.998964548110962,-0.6193200945854187,0.306179404258728,0.2147995978593826
44,2816,6.368155386000126,0.1352067913321661,0.2337572114813328,5.984356712549925,2.210701194212537,4.7317278906703,1.511580199767904,-4.332479033735581,2.160938444086541,-5.970840021967888,2.2265761480193733,-0.997569978237152,0.9999384880065918,-0.5634143352508545,0.3349990546703338,0.2212059944868087
45,2880,6.502489133999916,0.0765519878623308,0.047103809150328,5.31618420407176,0.7776041487896242,4.735224448144436,0.7510522479847579,-4.004243332892656,0.8476415566142781,-5.3073750436306,0.7822228886537481,-0.9963513016700744,0.9999837875366212,-0.5661773085594177,0.3222847580909729,0.2221958637237548
46,2944,6.398557497999718,0.1517876647558296,0.4954459942557695,5.464581225067377,2.270858769431224,4.6008899211883545,1.7410647782720314,-4.288152841327246,2.166390014352127,-5.44697707798332,2.289261553246172,-0.9985044598579408,0.9999425411224364,-0.6102787852287292,0.3413233757019043,0.2449033409357071
47,3008,6.4075510539996685,0.0896777200978249,0.0492091154850179,5.1007344648242,0.7364252179524997,4.5246502459049225,0.8145580356440442,-3.580655289813876,0.7657849656728156,-5.091072756797075,0.7433805845494275,-0.9996373057365416,0.9999982118606568,-0.5356523394584656,0.354450911283493,0.2277212888002395
48,3072,6.4722713820001445,0.0687823153712088,0.0420203255327406,5.568534970283508,1.1741832356578954,4.852955624461174,1.0778136048081377,-4.2348424810916185,1.296490383039667,-5.560261465609074,1.1817833333546657,-0.9984941482543944,0.9987363219261168,-0.62982177734375,0.3091577291488647,0.2116561084985733
49,3136,6.407340431000193,0.061667757719988,0.0410946391903257,5.382267102599144,1.0296323428631564,4.872980523854494,0.9972408068664644,-4.312875773757696,1.218620995592901,-5.374618150293827,1.0332739110383358,-0.9986447095870972,0.9988391399383544,-0.6130956411361694,0.3258408010005951,0.246242418885231
50,3200,6.373960066000109,0.0583433116989908,0.0339817291966636,5.487829431891441,1.148942348253543,4.818937428295612,0.8520184310053361,-4.359789714217186,1.1559017863230998,-5.47907354682684,1.1564448447707996,-0.9999255537986756,0.99988055229187,-0.6313130855560303,0.3248175382614136,0.2426922619342804
51,3264,6.529280627999924,0.3401221862295642,0.9265657953826514,6.787902595475316,3.1432552823703177,4.633127797394991,2.5667585461889613,-4.435256611890509,3.0802271010908746,-6.76309104077518,3.1810650059243804,-0.9982290863990784,0.9999749064445496,-0.575539767742157,0.3714522123336792,0.24976247549057
52,3328,6.38455206000026,0.0879407964530401,0.0677147232966278,5.562975574284792,1.7080955815143293,4.446247108280659,1.0297213548402675,-4.178737392649055,1.6878068388375878,-5.553199365735054,1.7142435039413415,-0.9955289959907532,0.9997007250785828,-0.586354672908783,0.3567899465560913,0.2524862587451935
53,3392,6.46424531699995,0.0578575145627837,0.0277940833922375,5.257837541401386,0.7626339396677622,4.7629776410758495,0.773085022150424,-4.103416979312897,0.916104751312141,-5.249712664633989,0.7675941353717013,-0.9979068040847778,0.999692440032959,-0.5681924819946289,0.330024242401123,0.2562221586704254
54,3456,6.395240273999661,0.2376339303991699,0.5279812756426375,6.773057498037815,3.037488900430937,4.983263226225972,2.4661517796049157,-4.630225645378232,2.8198748884450278,-6.756105424836278,3.0558223273422027,-0.9995749592781068,0.999998152256012,-0.5426918268203735,0.3912535011768341,0.2571310698986053
55,3520,6.411950067999896,0.087888087677129,0.0788629057246665,5.634377960115671,2.141786737668584,4.522074654698372,1.0891064606280092,-4.052950870245695,1.8033539426481584,-5.623081129044294,2.150687777786638,-0.9995018243789672,0.9997119307518004,-0.6032081246376038,0.3366099894046783,0.2467440813779831
56,3584,6.437975743999687,0.0790601308108307,0.083737378350016,5.288161728531122,1.020051206115974,4.599844589829445,1.2556334285405042,-4.272574495524168,1.5143213762696035,-5.277508571743965,1.0271147195809325,-0.9999282360076904,0.9996626377105712,-0.5837797522544861,0.3661923706531524,0.2795132398605346
57,3648,6.4580984490003175,0.04989097523503,0.0227245074787896,5.20693177357316,0.6105065185203553,4.865353744477034,0.7413068678020547,-4.329511199146509,0.6980484722638557,-5.197659708559513,0.6163698693123297,-0.9992035627365112,0.9998416304588318,-0.5800284743309021,0.3483652472496032,0.2802471816539764
58,3712,6.379691328999797,0.0550522514240583,0.0365404291586847,5.454239286482334,0.787734433091377,4.949463736265898,0.8204330882465791,-4.374724239110947,0.8204251462781842,-5.445162486284971,0.7963303402068541,-0.9999510645866394,0.999990463256836,-0.6414019465446472,0.3514106273651123,0.2994093298912048
59,3776,6.585602086000108,0.1134283167921239,0.1903954541436576,7.172620091587305,3.4384078828285443,5.68893467518501,1.9676853220884272,-5.6589551735669374,3.02711878914279,-7.157761674374342,3.447829485067349,-0.9999989867210388,0.9999999403953552,-0.6231362819671631,0.39638751745224,0.2830990552902221
60,3840,6.495966839000175,0.1904678599457838,0.4618973891868335,7.055717296898365,2.691471803622457,5.451824926305562,2.250871252505449,-4.839471894316375,2.5807120777671635,-7.045842699706554,2.699938955281085,-0.9999540448188782,0.9998892545700072,-0.6532584428787231,0.3546053171157837,0.2658864259719848
