candidate_index,foreground_ratio,contrast,eligible,quality_score,nearest_train_index,nearest_cosine_similarity,nearest_pixel_mse,selected
0,0.29760742,0.14713722,True,0.6552887,2530,0.78043234,0.0249937,True
1,0.2915039,0.16538087,True,0.7094104,3198,0.7644243,0.029589968,False
2,0.25219727,0.15286475,True,0.7783629,3508,0.75392675,0.029590795,False
3,0.3100586,0.19289446,False,0.6847816,3570,0.7503412,0.032457784,False
4,0.28881836,0.15743469,True,0.6988714,2683,0.77034485,0.034035068,False
5,0.37524414,0.14914522,False,0.4702493,2824,0.7709311,0.021738252,False
6,0.2956543,0.14375888,True,0.6527869,2530,0.76287854,0.023283398,False
7,0.2619629,0.14127965,True,0.7296292,1727,0.79011524,0.019128362,False
8,0.30151367,0.1617127,True,0.6771076,2530,0.7934662,0.033696104,False
9,0.33129883,0.17970611,False,0.6431577,1717,0.72974,0.033130866,False
10,0.39111328,0.15079404,False,0.43509007,2824,0.76692533,0.025881192,False
11,0.27148438,0.1657378,True,0.75900614,3508,0.7974562,0.033506338,False
12,0.2932129,0.17494504,True,0.725811,3937,0.7456609,0.016802896,False
13,0.2841797,0.15947089,True,0.7145642,3198,0.7512354,0.027650476,False
14,0.32543945,0.17322929,False,0.64351976,3783,0.7088002,0.032149907,False
15,0.3017578,0.1917228,True,0.70754725,3043,0.76603544,0.034296498,True
16,0.3305664,0.17407243,False,0.63282824,1372,0.7220268,0.021419378,False
17,0.28100586,0.15571776,True,0.71423376,2683,0.77747405,0.032413606,False
18,0.2939453,0.15498315,True,0.6810943,3626,0.7545413,0.026671847,False
19,0.28564453,0.15689526,True,0.7054523,2683,0.7685739,0.03372461,False
20,0.30029297,0.13864209,True,0.63046885,2824,0.74816895,0.015301425,True
21,0.32861328,0.18677123,False,0.652695,2580,0.74178225,0.02708705,False
22,0.3232422,0.2163282,False,0.6022296,2580,0.7680726,0.034611363,False
23,0.34375,0.15149389,False,0.5521153,2824,0.7637844,0.015990546,False
24,0.30297852,0.13397281,True,0.61387694,2683,0.7618044,0.023120252,False
25,0.26245117,0.15994646,True,0.7685834,3508,0.7792354,0.031597625,False
26,0.3154297,0.14409658,False,0.6052805,2824,0.7581627,0.014634605,False
27,0.32641602,0.2055934,False,0.61757493,3744,0.71778,0.015496869,False
28,0.41674805,0.21793671,False,0.3707072,2683,0.77204657,0.042262536,False
29,0.3071289,0.1806806,False,0.70420444,2683,0.7774627,0.03548097,False
30,0.27685547,0.13038066,True,0.6698663,2530,0.7758367,0.022759283,False
31,0.25927734,0.15233897,True,0.75996363,3508,0.791215,0.030937785,False
32,0.2927246,0.19723146,True,0.7177324,2944,0.71621764,0.033637602,False
33,0.2861328,0.13374291,True,0.6544696,2683,0.74436677,0.027524108,False
34,0.33032227,0.14049816,False,0.5612184,2824,0.76832676,0.020437876,False
35,0.27294922,0.16642097,True,0.7569026,2552,0.7911351,0.014851135,True
36,0.3166504,0.20200747,False,0.6491055,3043,0.77250844,0.036240455,False
37,0.30371094,0.1941522,True,0.69755876,3043,0.76336026,0.034399018,False
38,0.31347656,0.20315184,False,0.65438545,2944,0.75853443,0.035277106,False
39,0.29785156,0.15342034,True,0.66820586,2944,0.76439,0.021348173,True
40,0.40307617,0.14913009,False,0.40233374,3727,0.774788,0.042053077,False
41,0.27001953,0.16031165,True,0.7509094,3244,0.7454833,0.018417334,False
42,0.25952148,0.14382377,True,0.7410553,3244,0.7348677,0.015706688,False
43,0.30981445,0.17619446,False,0.6880064,3744,0.6994401,0.016926728,False
44,0.30273438,0.19208653,True,0.70438313,1717,0.751964,0.04045633,False
45,0.30322266,0.21382003,True,0.6564518,2944,0.75065064,0.03808989,False
46,0.2878418,0.16205624,True,0.71119237,3198,0.7611829,0.029056894,False
47,0.3256836,0.14489841,False,0.5819954,2824,0.76152813,0.017783694,False
48,0.27197266,0.14555418,True,0.71440804,3244,0.7425729,0.016553508,True
49,0.29125977,0.17854302,True,0.7383126,3043,0.7527727,0.033137273,False
50,0.29052734,0.18040682,True,0.7441073,2944,0.70082355,0.030012688,False
51,0.36206055,0.15645464,False,0.51812416,2824,0.7553538,0.017395439,False
52,0.31079102,0.15963066,False,0.6500022,2683,0.7859736,0.021437384,False
53,0.2890625,0.12867738,True,0.63642997,2683,0.7513173,0.02156747,False
54,0.3215332,0.16752295,False,0.640775,670,0.7278776,0.0167576,False
55,0.35546875,0.14025842,False,0.49936986,3727,0.7917018,0.04448777,False
56,0.27612305,0.1711696,True,0.759374,3508,0.7880196,0.035523497,False
57,0.30029297,0.1519352,True,0.6590572,3077,0.7868234,0.024071619,False
58,0.33081055,0.2101596,False,0.5970365,1912,0.7449691,0.014267322,False
59,0.32202148,0.1690023,False,0.6427656,86,0.74500287,0.020345671,False
60,0.2697754,0.15709376,True,0.74458444,3508,0.80879986,0.031433206,False
61,0.35766602,0.18120372,False,0.58206826,2944,0.7568083,0.025949756,False
62,0.36547852,0.14694226,False,0.48933017,2824,0.7654216,0.02013903,False
63,0.3215332,0.16749164,False,0.64070773,487,0.7631134,0.019076152,False
64,0.3479004,0.15912794,False,0.55841035,2683,0.7956455,0.031044563,False
65,0.30200195,0.1590693,True,0.6702317,1727,0.7799759,0.023378512,False
66,0.2878418,0.16779836,True,0.7235415,3508,0.7769618,0.036544044,False
67,0.2939453,0.14756812,True,0.6651474,2530,0.7621505,0.028742686,False
68,0.3178711,0.19479658,False,0.661636,3043,0.774812,0.03639256,False
69,0.26391602,0.15226398,True,0.74848855,3508,0.77349526,0.032630507,False
70,0.27954102,0.14945397,True,0.7043356,2683,0.7756785,0.03165513,False
71,0.3203125,0.13713337,False,0.5783961,2824,0.7569777,0.021974603,False
72,0.36621094,0.17426486,False,0.54630417,1833,0.73809224,0.027074547,False
73,0.30493164,0.19786088,True,0.6866056,3043,0.75955266,0.034354363,False
74,0.31518555,0.14640598,False,0.6108426,3508,0.75804055,0.037767556,False
75,0.36254883,0.1910669,False,0.56068707,3783,0.7309044,0.03147844,False
76,0.39453125,0.20559344,False,0.45144016,2944,0.7814801,0.045929056,False
77,0.30981445,0.18982616,False,0.69197583,3077,0.773935,0.033196766,False
78,0.2705078,0.15998632,True,0.7490188,1833,0.74657416,0.0147732245,False
79,0.2956543,0.13847807,True,0.6414299,2530,0.7552512,0.024675548,False
80,0.39916992,0.16303162,False,0.44175804,2683,0.7491369,0.032110106,False
81,0.27294922,0.15542331,True,0.73325086,1727,0.79714704,0.019215358,False
82,0.3461914,0.18836048,False,0.60640365,487,0.76638347,0.03137063,False
83,0.3125,0.19566022,False,0.6728789,3043,0.7587184,0.03631789,False
84,0.28637695,0.17195575,True,0.7360552,2580,0.7941965,0.019649236,False
85,0.31054688,0.19973958,False,0.6688695,1912,0.70519173,0.015177104,False
86,0.30615234,0.18026441,False,0.7056913,3077,0.7489458,0.031190151,False
87,0.30664062,0.16941863,False,0.68117523,3077,0.7824348,0.029085025,False
88,0.32080078,0.18418954,False,0.6773021,3077,0.78389114,0.032456577,False
89,0.37768555,0.15729913,False,0.48183054,3637,0.75862944,0.029979816,False
90,0.33642578,0.17793351,False,0.6268408,3783,0.71697676,0.03227359,False
91,0.37231445,0.18633884,False,0.54703665,2944,0.75509834,0.030123701,False
92,0.30004883,0.20083413,True,0.69212055,3043,0.77059126,0.03409429,False
93,0.2692871,0.16830257,True,0.7698811,1727,0.8032923,0.01885683,False
94,0.41479492,0.22248615,False,0.36568683,2944,0.75688845,0.051019713,False
95,0.34887695,0.20200422,False,0.5705111,2366,0.69738424,0.022245899,False
96,0.3557129,0.14032865,False,0.49892545,3727,0.7732669,0.045413,False
97,0.3088379,0.20449123,False,0.6628188,3570,0.7585858,0.0362492,False
98,0.29077148,0.16470666,True,0.70974684,3198,0.7570043,0.029200211,False
99,0.32763672,0.13669987,False,0.55959976,2824,0.7684001,0.017755855,False
100,0.28857422,0.19668885,True,0.72902226,3744,0.6981003,0.0148866875,True
101,0.31640625,0.15020303,False,0.6160313,2944,0.7456173,0.020836616,False
102,0.34570312,0.13873872,False,0.5199202,2824,0.77814054,0.022569695,False
103,0.3034668,0.14920218,True,0.6454385,3077,0.77181804,0.021014629,False
104,0.37963867,0.14447515,False,0.4494874,2824,0.7673992,0.026459849,False
105,0.27001953,0.16054823,True,0.7514182,3508,0.7560484,0.03160779,False
106,0.29833984,0.1485377,True,0.65651417,3508,0.7778197,0.034307737,False
107,0.42382812,0.23570965,False,0.31521595,2944,0.7599874,0.051817615,False
108,0.30786133,0.17028093,False,0.6800524,3783,0.7167233,0.030590922,False
109,0.3486328,0.13925141,False,0.51387715,2824,0.7720157,0.023982668,False
110,0.3034668,0.1447775,True,0.63592273,2530,0.78000605,0.028913587,False
111,0.30566406,0.17891721,False,0.70398486,1769,0.78287697,0.03381263,False
112,0.28515625,0.1440034,True,0.67891777,2683,0.7548131,0.030906148,False
113,0.2956543,0.167149,True,0.7030901,3077,0.7705007,0.029200666,False
114,0.2783203,0.12780945,True,0.66076386,2683,0.7448577,0.020285597,True
115,0.30859375,0.19503582,False,0.6837492,2944,0.6781143,0.032845248,False
116,0.29638672,0.14791304,True,0.6599345,2530,0.7740243,0.02962783,False
117,0.34448242,0.17029,False,0.5907521,3454,0.732514,0.02120635,False
118,0.29467773,0.172959,True,0.71796703,3937,0.7592583,0.017514572,False
119,0.2902832,0.13371262,True,0.6442815,2530,0.7740845,0.025305873,False
120,0.3100586,0.2098163,False,0.6483892,3570,0.7507802,0.038139965,False
121,0.3408203,0.1385048,False,0.5313264,2824,0.7692063,0.021711772,False
122,0.28686523,0.19023569,True,0.74706876,3043,0.7407892,0.03307034,False
123,0.33325195,0.15719587,False,0.5899831,2824,0.76617026,0.015317634,False
124,0.28222656,0.16657196,True,0.73459965,2530,0.7558047,0.019940259,False
125,0.34692383,0.17969252,False,0.60501873,2944,0.7802689,0.03645328,False
126,0.3083496,0.19797136,False,0.67803144,2580,0.7700397,0.029610867,False
127,0.36889648,0.18724558,False,0.55342317,2366,0.68707484,0.02025385,False
128,0.30566406,0.1564928,False,0.6557586,2944,0.756848,0.022006623,False
129,0.29785156,0.15169719,True,0.6645,2530,0.75821745,0.024064116,False
130,0.32714844,0.1479178,False,0.5849162,2824,0.75407606,0.016119035,False
131,0.26538086,0.16488212,True,0.7720525,1727,0.8029324,0.019114425,False
132,0.29101562,0.15480031,True,0.68784666,3508,0.8132597,0.033285785,False
133,0.27001953,0.16511461,True,0.7612387,3508,0.75759125,0.032906707,False
134,0.32617188,0.1977228,False,0.635097,2580,0.7668254,0.029244801,False
135,0.2890625,0.14669909,True,0.6751877,2944,0.7483537,0.024497176,False
136,0.26586914,0.1602521,True,0.7609042,3508,0.8019119,0.033643026,False
137,0.35595703,0.15107015,False,0.52143085,2824,0.76052165,0.017935714,False
138,0.28515625,0.16487059,True,0.72379506,3508,0.8078973,0.03400549,False
139,0.31347656,0.2062818,False,0.6476541,2280,0.7703767,0.03529312,False
140,0.28222656,0.1499014,True,0.6987477,1833,0.7628437,0.015100609,False
141,0.2993164,0.16310938,True,0.68547046,2580,0.7592671,0.020245656,True
142,0.34985352,0.18330458,False,0.60564125,487,0.7539742,0.02442964,False
143,0.37426758,0.17605685,False,0.5305077,86,0.74615574,0.020467205,False
144,0.2998047,0.15335785,True,0.66330767,2683,0.76756227,0.032452617,True
145,0.3076172,0.15752777,False,0.6532207,2178,0.78639734,0.02468724,False
146,0.26367188,0.15115252,True,0.74669373,3508,0.7420634,0.029475993,False
147,0.3569336,0.19631454,False,0.5630971,3783,0.7481948,0.032378893,False
148,0.28857422,0.13168927,True,0.6440983,2530,0.7542745,0.02264967,False
149,0.32421875,0.19269928,False,0.65066445,3744,0.69064796,0.015661875,False
150,0.29125977,0.15943852,True,0.69722617,3508,0.7677939,0.03714638,False
151,0.30517578,0.19532628,True,0.69146097,3783,0.75739616,0.036719326,False
152,0.28271484,0.16483936,True,0.72968256,2552,0.7839739,0.016288796,False
153,0.41455078,0.17785676,False,0.4361269,670,0.7292457,0.022570789,False
154,0.3310547,0.13713165,False,0.55219185,3727,0.7869272,0.040759336,False
155,0.2722168,0.1666151,True,0.7591065,3508,0.80229795,0.03531635,False
156,0.31713867,0.18549623,False,0.6834239,3077,0.78606343,0.031347614,False
157,0.32617188,0.1383675,False,0.566759,2824,0.7744776,0.019286478,False
158,0.27856445,0.16032423,True,0.73009515,3508,0.80047786,0.03451014,False
159,0.37597656,0.17684211,False,0.52802825,2683,0.7731214,0.028587265,False
160,0.3347168,0.14245188,False,0.5547017,2683,0.7697211,0.027175575,False
161,0.29882812,0.14234464,True,0.6420044,3508,0.8020168,0.035352025,False
162,0.2866211,0.16548477,True,0.7215432,3508,0.79859495,0.03620959,False
163,0.2783203,0.16225605,True,0.7348452,3508,0.7582127,0.033163484,False
164,0.26904297,0.16166683,True,0.7562057,3508,0.80495644,0.033674546,False
165,0.28833008,0.16784015,True,0.7224404,4080,0.7822608,0.025313964,False
166,0.26831055,0.13199979,True,0.6941897,2683,0.73312986,0.020266978,False
167,0.3659668,0.17484021,False,0.548137,2683,0.78756225,0.032661278,False
168,0.33911133,0.13452612,False,0.526938,3727,0.7816886,0.040860903,False
169,0.30493164,0.17855059,True,0.7049828,2280,0.7778472,0.03349976,False
170,0.3095703,0.17415966,False,0.6842258,1294,0.7948147,0.024107903,False
171,0.3154297,0.19444665,False,0.66834325,3570,0.7332827,0.032628134,False
172,0.3239746,0.20835842,False,0.61758316,2280,0.7745534,0.036544316,False
173,0.28076172,0.17598341,True,0.75841284,1727,0.8037288,0.020929338,False
174,0.32055664,0.18701015,False,0.6718315,2580,0.73860323,0.026830645,False
175,0.2709961,0.15842207,True,0.74446374,3508,0.80511475,0.033476125,False
176,0.3059082,0.1628039,False,0.6687359,1833,0.7829783,0.020635977,False
177,0.28637695,0.1641592,True,0.7192878,434,0.8143629,0.04052965,False
178,0.31958008,0.18526703,False,0.6779622,3636,0.7063954,0.027551176,False
179,0.34350586,0.17837098,False,0.6105131,2944,0.7835969,0.02499873,False
180,0.2841797,0.18700987,True,0.7605564,3783,0.7337455,0.034651656,False
181,0.3322754,0.15219152,False,0.5816026,2824,0.753407,0.014509409,False
182,0.35058594,0.14028427,False,0.5113348,2824,0.77643955,0.020679066,False
183,0.33691406,0.18308327,False,0.63672495,3783,0.7167959,0.03335903,False
184,0.32055664,0.1530474,False,0.6120255,2824,0.75172323,0.014524527,False
185,0.30566406,0.20756844,False,0.6639419,1912,0.7397933,0.014034661,False
186,0.37524414,0.13878755,False,0.44797397,3727,0.7742496,0.04005961,False
187,0.26586914,0.15701666,True,0.75394607,3508,0.75849056,0.031083668,False
188,0.29663086,0.1885608,True,0.72685224,3043,0.74683875,0.03260406,False
189,0.3178711,0.2160688,False,0.61588764,94,0.75995576,0.051072076,False
190,0.30444336,0.1763168,True,0.70136976,3198,0.7711401,0.029534325,False
191,0.32543945,0.17154168,False,0.6398903,487,0.7715041,0.020437187,False
192,0.27441406,0.17417951,True,0.7700154,1727,0.8074778,0.020091975,False
193,0.33032227,0.16340563,False,0.6104835,2824,0.7477142,0.015213252,False
194,0.35791016,0.14123486,False,0.49551517,3727,0.7829984,0.045022264,False
195,0.29467773,0.1482648,True,0.6648593,2530,0.775275,0.023967525,False
196,0.3215332,0.2098873,False,0.62024975,1912,0.72926867,0.014490195,False
197,0.32836914,0.17875993,False,0.6482684,86,0.7335881,0.023247488,False
198,0.30004883,0.1734437,True,0.70590913,3077,0.7771425,0.028976237,False
199,0.28735352,0.13719757,True,0.6589219,3508,0.7878846,0.033016812,False
