experiment,epoch,path
baseline_bce,0,artifacts/experiments/baseline_bce/fixed_noise/epoch_000.png
baseline_bce,5,artifacts/experiments/baseline_bce/fixed_noise/epoch_005.png
baseline_bce,10,artifacts/experiments/baseline_bce/fixed_noise/epoch_010.png
baseline_bce,20,artifacts/experiments/baseline_bce/fixed_noise/epoch_020.png
baseline_bce,40,artifacts/experiments/baseline_bce/fixed_noise/epoch_040.png
baseline_bce,60,artifacts/experiments/baseline_bce/fixed_noise/epoch_060.png
hinge_loss,0,artifacts/experiments/hinge_loss/fixed_noise/epoch_000.png
hinge_loss,5,artifacts/experiments/hinge_loss/fixed_noise/epoch_005.png
hinge_loss,10,artifacts/experiments/hinge_loss/fixed_noise/epoch_010.png
hinge_loss,20,artifacts/experiments/hinge_loss/fixed_noise/epoch_020.png
hinge_loss,40,artifacts/experiments/hinge_loss/fixed_noise/epoch_040.png
hinge_loss,60,artifacts/experiments/hinge_loss/fixed_noise/epoch_060.png
bce_spectral_norm,0,artifacts/experiments/bce_spectral_norm/fixed_noise/epoch_000.png
bce_spectral_norm,5,artifacts/experiments/bce_spectral_norm/fixed_noise/epoch_005.png
bce_spectral_norm,10,artifacts/experiments/bce_spectral_norm/fixed_noise/epoch_010.png
bce_spectral_norm,20,artifacts/experiments/bce_spectral_norm/fixed_noise/epoch_020.png
bce_spectral_norm,40,artifacts/experiments/bce_spectral_norm/fixed_noise/epoch_040.png
bce_spectral_norm,60,artifacts/experiments/bce_spectral_norm/fixed_noise/epoch_060.png
