rank,file,name,role,experiment,checkpoint_epoch,candidate_index,gallery_seed,sha256,foreground_ratio,contrast,nearest_train_image_id,nearest_train_path,nearest_train_sha256,nearest_cosine_similarity,nearest_pixel_mse,selection_diversity,selection_rate
1,personaje_01.png,Aelira,Oráculo del Velo,bce_spectral_norm,60,100,20261011,988c518c72a61628f2a013c4897c72b6adef8f31adb1b591553add99de067e22,0.28857421875,0.19668884575366974,eryndor_3744,data/processed/sprites/eryndor_3744.png,bbaee0fba9184e384cb56f996c30f23307acb9df68f51ab185ad9ddf23694ce7,0.6981003284454346,0.014886687509715557,1.0,0.05
2,personaje_02.png,Bram,Guardián rúnico,bce_spectral_norm,60,35,20261011,0ca125f31115e3ba3643a078ec0467ccf05d1841857b70b6b19f956fa4a022b8,0.27294921875,0.16642096638679504,eryndor_2552,data/processed/sprites/eryndor_2552.png,0fdc4e9a770754bc121f1dfe683e68e1b1d919017e842e6009cd82b72f157ec4,0.7911350727081299,0.014851135201752186,0.21342158317565918,0.05
3,personaje_03.png,Cyran,Arcanista de ceniza,bce_spectral_norm,60,144,20261011,5c0ab344532b721828b37d55969a6eb95670035dafd342dab9d712f5bb19ec3c,0.2998046875,0.1533578485250473,eryndor_2683,data/processed/sprites/eryndor_2683.png,f1c898826cb93c4357dc462caddedda0a55dd7686b6cc230e16bee53508399ad,0.7675622701644897,0.03245261684060097,0.19774305820465088,0.05
4,personaje_04.png,Delyra,Exploradora del musgo,bce_spectral_norm,60,141,20261011,651bb60aeb70485064fb4e03a5e60278789054e7f5556fe57956b99c13f95088,0.29931640625,0.16310937702655792,eryndor_2580,data/processed/sprites/eryndor_2580.png,fb27974bccc764ee92a066256d26a85ac51c6ef046745b6f878144bc731493f2,0.7592670917510986,0.020245656371116638,0.13845515251159668,0.05
5,personaje_05.png,Edrik,Alquimista solar,bce_spectral_norm,60,114,20261011,8789217e6e88c8f4c86374e28481170f230ee2ec7053b8987c5e4b01d076254e,0.2783203125,0.12780945003032684,eryndor_2683,data/processed/sprites/eryndor_2683.png,f1c898826cb93c4357dc462caddedda0a55dd7686b6cc230e16bee53508399ad,0.7448577284812927,0.020285597071051598,0.1321353316307068,0.05
6,personaje_06.png,Faelor,Centinela de amatista,bce_spectral_norm,60,15,20261011,0ee79300fb4f8750bd54783b41c609bf1490489eb035618558e966a19b03ae40,0.3017578125,0.1917227953672409,eryndor_3043,data/processed/sprites/eryndor_3043.png,e53d078bbfa19f6ce16c7ebb1246b32463bc2202e81aea03480462bcd42b2c43,0.7660354375839233,0.03429649770259857,0.10586851835250854,0.05
7,personaje_07.png,Ilyne,Tejedora de grietas,bce_spectral_norm,60,48,20261011,6299a286c2f2b5f555d5b31968fbbfd79b85f16e51cec3810554b0323706d8e9,0.27197265625,0.14555418491363525,eryndor_3244,data/processed/sprites/eryndor_3244.png,32f47e2ec199668160a19112156ec22a63211950a1bc39afba6985c7382741b9,0.7425729036331177,0.01655350811779499,0.10033106803894043,0.05
8,personaje_08.png,Kael,Custodio de la brasa,bce_spectral_norm,60,20,20261011,9f25511568ccda6bdf4715253dc150e0c37ab5fd6043940350910114602bd411,0.30029296875,0.1386420875787735,eryndor_2824,data/processed/sprites/eryndor_2824.png,08be2f21eee8da0aa9f1fca74cffe3144a698f2c8768a4d77d6af02a9e9458e4,0.7481689453125,0.015301425009965897,0.0979800820350647,0.05
9,personaje_09.png,Mireth,Cartógrafa astral,bce_spectral_norm,60,0,20261011,cba246392088115136d7d86e8ec27678ad6cbb5a9ab451791e66546445859159,0.297607421875,0.14713722467422485,eryndor_2530,data/processed/sprites/eryndor_2530.png,d9da7c99406fa7b4a147ebc4d0e8884e7d999ff01885c02897585d807a936a56,0.7804323434829712,0.02499370090663433,0.08519625663757324,0.05
10,personaje_10.png,Nyra,Vigía del abismo,bce_spectral_norm,60,39,20261011,bdefce1a3ea6a080e010873eb27507459f9d5068730b269199b4bce82ea2ec45,0.2978515625,0.1534203439950943,eryndor_2944,data/processed/sprites/eryndor_2944.png,702dedd74709b25fdf61d1d069d1bb92ff353aa8d5ee744f599675f43d75aa5d,0.7643899917602539,0.021348172798752785,0.0657045841217041,0.05
