used_asset,filename,notes,authors,licenses,urls
body/bodies/female/idle.png,body/bodies/female/idle.png,see details at https://opengameart.org/content/lpc-character-bases ,"Benjamin K. Smith (BenCreating),bluecarrot16,TheraHedwig,Evert,MuffinElZangano,Durrani,Pierre Vigier (pvigier),ElizaWy,Matthew Krohn (makrohn),Johannes Sjölund (wulax),Stephen Challener (Redshrike) ","OGA-BY 3.0,CC-BY-SA 3.0,GPL 3.0 ","https://opengameart.org/content/liberated-pixel-cup-lpc-base-assets-sprites-map-tiles,https://opengameart.org/content/lpc-medieval-fantasy-character-sprites,https://opengameart.org/content/lpc-ladies,https://opengameart.org/content/lpc-7-womens-shirts,https://opengameart.org/content/lpc-jump-expanded,https://opengameart.org/content/lpc-be-seated,https://opengameart.org/content/lpc-revised-character-basics,https://gitlab.com/vagabondgame/lpc-characters,https://opengameart.org/content/lpc-male-jumping-animation-by-durrani,https://opengameart.org/content/lpc-runcycle-and-diagonal-walkcycle "
body/bodies/male/idle.png,body/bodies/male/idle.png,see details at https://opengameart.org/content/lpc-character-bases; 'Thick' Male Revised Run/Climb by JaidynReiman (based on ElizaWy's LPC Revised) ,"bluecarrot16,JaidynReiman,Benjamin K. Smith (BenCreating),Evert,Eliza Wyatt (ElizaWy),TheraHedwig,MuffinElZangano,Durrani,Johannes Sjölund (wulax),Stephen Challener (Redshrike) ","OGA-BY 3.0,CC-BY-SA 3.0,GPL 3.0 ","https://opengameart.org/content/liberated-pixel-cup-lpc-base-assets-sprites-map-tiles,https://opengameart.org/content/lpc-medieval-fantasy-character-sprites,https://opengameart.org/content/lpc-male-jumping-animation-by-durrani,https://opengameart.org/content/lpc-runcycle-and-diagonal-walkcycle,https://opengameart.org/content/lpc-revised-character-basics,https://opengameart.org/content/lpc-be-seated,https://opengameart.org/content/lpc-runcycle-for-male-muscular-and-pregnant-character-bases-with-modular-heads,https://opengameart.org/content/lpc-jump-expanded,https://opengameart.org/content/lpc-character-bases "
feet/armour/plate/male/idle.png,feet/armour/plate/male/idle.png,"original by wulax, recolors by bigbeargames, edits for v3 base and recolors by bluecarrot16 ","Matthew Krohn (makrohn),Johannes Sjölund (wulax) ","OGA-BY 3.0,CC-BY-SA 3.0,GPL 3.0 ",https://opengameart.org/content/lpc-medieval-fantasy-character-sprites 
feet/armour/plate/thin/idle.png,feet/armour/plate/thin/idle.png,"original by wulax, recolors by bigbeargames, edits for v3 base and recolors by bluecarrot16 ","Matthew Krohn (makrohn),Johannes Sjölund (wulax) ","OGA-BY 3.0,CC-BY-SA 3.0,GPL 3.0 ",https://opengameart.org/content/lpc-medieval-fantasy-character-sprites 
feet/boots/basic/male/idle.png,feet/boots/basic/male/idle.png,"original by Nila122, edited for male and v3 bases by bluecarrot16, Jump/Sit/Emote/Run/Revised Combat by JaidynReiman ","JaidynReiman,bluecarrot16,Nila122 ","OGA-BY 3.0,CC-BY-SA 3.0,GPL 2.0,GPL 3.0 ","https://opengameart.org/content/lpc-clothes-and-hair,https://opengameart.org/content/lpc-expanded-socks-shoes "
feet/boots/basic/thin/idle.png,feet/boots/basic/thin/idle.png,"original by Nila122, edited for v3 bases by bluecarrot16, Jump/Sit/Emote/Run/Revised Combat by JaidynReiman ","JaidynReiman,bluecarrot16,Nila122 ","OGA-BY 3.0,CC-BY-SA 3.0,GPL 2.0,GPL 3.0 ","https://opengameart.org/content/lpc-clothes-and-hair,https://opengameart.org/content/lpc-expanded-socks-shoes "
feet/boots/fold/male/idle.png,feet/boots/fold/male/idle.png, ,JaidynReiman ,"OGA-BY 3.0+,CC-BY 3.0+,GPL 3.0 ","https://opengameart.org/content/lpc-kimono-relm,https://opengameart.org/content/lpc-expanded-socks-shoes "
feet/boots/fold/thin/idle.png,feet/boots/fold/thin/idle.png, ,JaidynReiman ,"OGA-BY 3.0+,CC-BY 3.0+,GPL 3.0 ","https://opengameart.org/content/lpc-kimono-relm,https://opengameart.org/content/lpc-expanded-socks-shoes "
feet/boots/revised/male/idle.png,feet/boots/revised/male/idle.png,"original overalls and boots by ElizaWy, base animations adapted from v3 overalls by bluecarrot16, boots by JaidynReiman ","JaidynReiman,ElizaWy,Bluecarrot16,Stephen Challener (Redshrike),Johannes Sjölund (wulax) ","OGA-BY 3.0,GPL 3.0 ","https://github.com/ElizaWy/LPC/tree/main/Characters/Clothing,https://opengameart.org/content/lpc-expanded-socks-shoes "
feet/boots/revised/thin/idle.png,feet/boots/revised/thin/idle.png,"original by ElizaWy, remaining frames by JaidynReiman ","ElizaWy,JaidynReiman,Stephen Challener (Redshrike),Johannes Sjölund (wulax) ",OGA-BY 3.0 ,"https://github.com/ElizaWy/LPC/tree/main/Characters/Clothing,https://opengameart.org/content/lpc-expanded-sit-run-jump-more,https://opengameart.org/content/lpc-expanded-socks-shoes "
feet/boots/rimmed/male/idle.png,feet/boots/rimmed/male/idle.png, ,JaidynReiman ,"OGA-BY 3.0+,CC-BY 3.0+,GPL 3.0 ","https://opengameart.org/content/lpc-kimono-relm,https://opengameart.org/content/lpc-expanded-socks-shoes "
feet/boots/rimmed/thin/idle.png,feet/boots/rimmed/thin/idle.png, ,JaidynReiman ,"OGA-BY 3.0+,CC-BY 3.0+,GPL 3.0 ","https://opengameart.org/content/lpc-kimono-relm,https://opengameart.org/content/lpc-expanded-socks-shoes "
feet/sandals/male/idle.png,feet/sandals/male/idle.png,"edited for v3 bases by bluecarrot16, Jump/Sit/Emote/Run/Revised Combat by JaidynReiman ","Nila122,JaidynReiman,Matthew Krohn (makrohn),Johannes Sjölund (wulax) ","OGA-BY 3.0,CC-BY-SA 3.0,GPL 2.0,GPL 3.0 ","https://opengameart.org/content/lpc-roman-armor,http://opengameart.org/content/lpc-clothing-updates,https://opengameart.org/content/lpc-expanded-socks-shoes "
feet/sandals/thin/idle.png,feet/sandals/thin/idle.png,"edited for v3 bases by bluecarrot16, Jump/Sit/Emote/Run/Revised Combat by JaidynReiman ","Nila122,JaidynReiman,Matthew Krohn (makrohn),Johannes Sjölund (wulax) ","OGA-BY 3.0,CC-BY-SA 3.0,GPL 2.0,GPL 3.0 ","https://opengameart.org/content/lpc-roman-armor,http://opengameart.org/content/lpc-clothing-updates,https://opengameart.org/content/lpc-expanded-socks-shoes "
feet/shoes/ghillies/male/idle.png,feet/shoes/ghillies/male/idle.png,"original by pennomi, laetissima and makrohn; edited for v3 bases by bluecarrot16, Jump/Sit/Emote/Run/Revised Combat by JaidynReiman ","bluecarrot16,JaidynReiman,Thane Brimhall (pennomi),laetissima,Matthew Krohn (makrohn) ","CC-BY-SA 3.0,GPL 3.0 ","https://opengameart.org/content/lpc-2-characters,http://opengameart.org/content/lpc-clothing-updates,https://opengameart.org/content/lpc-expanded-socks-shoes "
feet/shoes/ghillies/thin/idle.png,feet/shoes/ghillies/thin/idle.png,"original by pennomi, laetissima and makrohn; edited for v3 bases by bluecarrot16, Jump/Sit/Emote/Run/Revised Combat by JaidynReiman ","bluecarrot16,JaidynReiman,Thane Brimhall (pennomi),laetissima,Matthew Krohn (makrohn) ","CC-BY-SA 3.0,GPL 3.0 ","https://opengameart.org/content/lpc-2-characters,http://opengameart.org/content/lpc-clothing-updates,https://opengameart.org/content/lpc-expanded-socks-shoes "
feet/shoes/revised/male/idle.png,feet/shoes/revised/male/idle.png,"original overalls and shoes by ElizaWy, base animations adapted from v3 overalls by bluecarrot16, shoes by JaidynReiman ","JaidynReiman,ElizaWy,Bluecarrot16,Stephen Challener (Redshrike),Johannes Sjölund (wulax) ","OGA-BY 3.0,GPL 3.0 ","https://github.com/ElizaWy/LPC/tree/main/Characters/Clothing,https://opengameart.org/content/lpc-expanded-socks-shoes "
feet/shoes/revised/thin/idle.png,feet/shoes/revised/thin/idle.png,"original by ElizaWy, remaining frames by JaidynReiman ","ElizaWy,JaidynReiman ",OGA-BY 3.0 ,"https://github.com/ElizaWy/LPC/tree/main/Characters/Clothing,https://opengameart.org/content/lpc-expanded-sit-run-jump-more,https://opengameart.org/content/lpc-expanded-socks-shoes "
hair/afro/adult/idle.png,hair/afro/adult/idle.png, ,bluecarrot16 ,CC0 ,https://opengameart.org/content/lpc-hair 
hair/bangs/adult/idle.png,hair/bangs/adult/idle.png, ,"JaidynReiman,Manuel Riecke (MrBeast) ","CC-BY-SA 3.0,GPL 3.0 ","https://opengameart.org/content/liberated-pixel-cup-lpc-base-assets-sprites-map-tiles,https://opengameart.org/content/lpc-expanded-hair "
hair/bangs_bun/adult/idle.png,hair/bangs_bun/adult/idle.png,"Original by bluecarrot16, animated by ElizaWy. ","ElizaWy,bluecarrot16 ",CC0 ,"https://opengameart.org/content/lpc-hair,https://github.com/ElizaWy/LPC/blob/main/Characters/Hair,https://opengameart.org/content/lpc-expanded-sit-run-jump-more "
hair/bangslong/adult/idle.png,hair/bangslong/adult/idle.png, ,"JaidynReiman,Manuel Riecke (MrBeast) ","CC-BY-SA 3.0,GPL 3.0 ","https://opengameart.org/content/lpc-medieval-fantasy-character-sprites,https://opengameart.org/content/lpc-expanded-hair "
hair/bangsshort/adult/idle.png,hair/bangsshort/adult/idle.png, ,"JaidynReiman,Manuel Riecke (MrBeast) ","CC-BY-SA 3.0,GPL 3.0 ","https://opengameart.org/content/lpc-medieval-fantasy-character-sprites,https://opengameart.org/content/lpc-expanded-hair "
hair/bedhead/adult/idle.png,hair/bedhead/adult/idle.png, ,"JaidynReiman,Manuel Riecke (MrBeast) ","CC-BY-SA 3.0,GPL 3.0 ","https://opengameart.org/content/liberated-pixel-cup-lpc-base-assets-sprites-map-tiles,https://opengameart.org/content/lpc-expanded-hair "
hair/bob/adult/idle.png,hair/bob/adult/idle.png,Original by bluecarrot16. Edited and animated by ElizaWy. ,"ElizaWy,bluecarrot16 ",CC0 ,"https://opengameart.org/content/lpc-hair,https://github.com/ElizaWy/LPC/blob/main/Characters/Hair,https://opengameart.org/content/lpc-expanded-sit-run-jump-more "
hair/bob_side_part/adult/idle.png,hair/bob_side_part/adult/idle.png,Original by Thecilekli. Touchups by BlueCarrot16. Edited and animated by ElizaWy. ,"thecilekli,bluecarrot16,ElizaWy ",CC0 ,"https://opengameart.org/content/lpc-pink-short-hair,https://opengameart.org/content/lpc-hair,https://github.com/ElizaWy/LPC/blob/main/Characters/Hair,https://opengameart.org/content/lpc-expanded-sit-run-jump-more "
hair/buzzcut/adult/idle.png,hair/buzzcut/adult/idle.png, ,ElizaWy ,OGA-BY 3.0 ,https://opengameart.org/content/lpc-hair 
hair/cornrows/adult/idle.png,hair/cornrows/adult/idle.png,"Original by bluecarrot16, animated by ElizaWy. ","ElizaWy,bluecarrot16 ",CC0 ,"https://opengameart.org/content/lpc-hair,https://github.com/ElizaWy/LPC/blob/main/Characters/Hair,https://opengameart.org/content/lpc-expanded-sit-run-jump-more "
hair/curly_long/adult/idle.png,hair/curly_long/adult/idle.png, ,ElizaWy ,OGA-BY 3.0 ,https://opengameart.org/content/lpc-hair 
hair/curly_short/adult/idle.png,hair/curly_short/adult/idle.png, ,ElizaWy ,OGA-BY 3.0 ,"https://opengameart.org/content/lpc-hair,https://opengameart.org/content/lpc-expanded-sit-run-jump-more "
hair/curtains/adult/idle.png,hair/curtains/adult/idle.png,(star) ,"Mandi Paugh,bluecarrot16 ","GPL 2.0,GPL 3.0,CC-BY 3.0 ","https://opengameart.org/content/star-overland,https://opengameart.org/content/lpc-hair "
hair/dreadlocks_long/adult/idle.png,hair/dreadlocks_long/adult/idle.png, ,bluecarrot16 ,CC0 ,https://opengameart.org/content/lpc-hair 
hair/dreadlocks_short/adult/idle.png,hair/dreadlocks_short/adult/idle.png,Original by bluecarrot16. Animated by ElizaWy. ,"ElizaWy,bluecarrot16 ",CC0 ,"https://opengameart.org/content/lpc-hair,https://github.com/ElizaWy/LPC/blob/main/Characters/Hair,https://opengameart.org/content/lpc-expanded-sit-run-jump-more "
hair/half_up/adult/idle.png,hair/half_up/adult/idle.png, ,ElizaWy ,OGA-BY 3.0 ,https://opengameart.org/content/lpc-hair 
hair/halfmessy/adult/idle.png,hair/halfmessy/adult/idle.png, ,"Nila122,bluecarrot16 ","OGA-BY 3.0,CC-BY-SA 3.0,GPL 3.0,GPL 2.0 ","https://opengameart.org/content/more-lpc-clothes-and-hair,https://opengameart.org/content/lpc-hair "
hair/high_and_tight/adult/idle.png,hair/high_and_tight/adult/idle.png, ,"Skorpio,bluecarrot16 ","CC-BY-SA 3.0,GPL 3.0 ","https://opengameart.org/content/lpc-skorpios-scifi-sprite-pack,https://opengameart.org/content/lpc-hair "
hair/idol/adult/idle.png,hair/idol/adult/idle.png,Original CC0 by Thecilekli. Edited by bluecarrot16 and ElizaWy. Animated by ElizaWy. ,"thecilekli,bluecarrot16 ",CC0 ,"https://opengameart.org/content/lpc-korean-idol-hairstyle-male-with-12-colors,https://opengameart.org/content/lpc-hair,https://github.com/ElizaWy/LPC/tree/main/Characters/Hair,https://opengameart.org/content/lpc-expanded-sit-run-jump-more "
hair/lob/adult/idle.png,hair/lob/adult/idle.png, ,bluecarrot16 ,CC0 ,https://opengameart.org/content/lpc-hair 
hair/long/adult/idle.png,hair/long/adult/idle.png, ,"JaidynReiman,Manuel Riecke (MrBeast) ","CC-BY-SA 3.0,GPL 3.0 ","https://opengameart.org/content/liberated-pixel-cup-lpc-base-assets-sprites-map-tiles,https://opengameart.org/content/lpc-expanded-hair "
hair/long_messy/adult/idle.png,hair/long_messy/adult/idle.png,(puck) ,"Mandi Paugh,bluecarrot16 ","GPL 2.0,GPL 3.0,CC-BY 3.0 ","https://opengameart.org/content/puck-overland,https://opengameart.org/content/lpc-hair "
hair/long_messy2/adult/idle.png,hair/long_messy2/adult/idle.png,(shura) ,"Yamilian,bluecarrot16 ","CC-BY-SA 3.0,GPL 3.0 ","https://opengameart.org/content/lpc-heroine-2,https://opengameart.org/content/lpc-hair "
hair/long_straight/adult/idle.png,hair/long_straight/adult/idle.png, ,"JaidynReiman,thecilekli,bluecarrot16 ",CC0 ,"https://opengameart.org/content/lpc-long-straight-hair-with-12-colors,https://opengameart.org/content/lpc-hair,https://opengameart.org/content/lpc-expanded-hair "
hair/longhawk/adult/idle.png,hair/longhawk/adult/idle.png, ,"JaidynReiman,Manuel Riecke (MrBeast) ","CC-BY-SA 3.0,GPL 3.0 ","https://opengameart.org/content/liberated-pixel-cup-lpc-base-assets-sprites-map-tiles,https://opengameart.org/content/lpc-expanded-hair "
hair/messy1/adult/idle.png,hair/messy1/adult/idle.png, ,"JaidynReiman,Manuel Riecke (MrBeast) ","CC-BY-SA 3.0,GPL 3.0 ","https://opengameart.org/content/liberated-pixel-cup-lpc-base-assets-sprites-map-tiles,https://opengameart.org/content/lpc-expanded-hair "
hair/messy2/adult/idle.png,hair/messy2/adult/idle.png, ,"JaidynReiman,Manuel Riecke (MrBeast) ","CC-BY-SA 3.0,GPL 3.0 ","https://opengameart.org/content/liberated-pixel-cup-lpc-base-assets-sprites-map-tiles,https://opengameart.org/content/lpc-expanded-hair "
hair/messy3/adult/idle.png,hair/messy3/adult/idle.png, ,"Fabzy,bluecarrot16 ",CC-BY-SA 3.0 ,"https://opengameart.org/content/the-revolution-hair,https://opengameart.org/content/lpc-hair "
hair/mop/adult/idle.png,hair/mop/adult/idle.png,(george) ,"Radomir Dopieralski,bluecarrot16 ","CC-BY-SA 3.0,GPL 3.0 ","https://opengameart.org/content/alternate-lpc-character-sprites-george,https://opengameart.org/content/lpc-hair "
hair/natural/adult/idle.png,hair/natural/adult/idle.png,"Original by bluecarrot16, animations by ElizaWy. ","ElizaWy,bluecarrot16 ",CC0 ,"https://opengameart.org/content/lpc-hair,https://github.com/ElizaWy/LPC/blob/main/Characters/Hair,https://opengameart.org/content/lpc-expanded-sit-run-jump-more "
hair/page/adult/idle.png,hair/page/adult/idle.png, ,"Page,Johannes Sjölund (wulax) ","OGA-BY 3.0,CC-BY-SA 3.0,GPL 3.0 ","https://opengameart.org/content/lpc-medieval-fantasy-character-sprites,https://opengameart.org/content/lpc-expanded-hair "
hair/parted/adult/idle.png,hair/parted/adult/idle.png,down 4 and 5 added by JaidynReiman; recolors by Joe White; original by Manuel Riecke (MrBeast) ,"JaidynReiman,Joe White,Manuel Riecke (MrBeast) ","CC-BY-SA 3.0,GPL 3.0 ","https://opengameart.org/content/liberated-pixel-cup-lpc-base-assets-sprites-map-tiles,https://github.com/jrconway3/Universal-LPC-spritesheet/commit/46ddcf05a0e43e7aa6ffd47d350eef0eb529ac24,https://opengameart.org/content/lpc-expanded-hair "
hair/parted2/adult/idle.png,hair/parted2/adult/idle.png, ,"Skorpio,bluecarrot16 ","CC-BY-SA 3.0,GPL 3.0 ","https://opengameart.org/content/lpc-skorpios-scifi-sprite-pack,https://opengameart.org/content/lpc-hair "
hair/parted3/adult/idle.png,hair/parted3/adult/idle.png, ,ElizaWy ,OGA-BY 3.0 ,"https://github.com/ElizaWy/LPC/tree/main/Characters/Hair,https://opengameart.org/content/lpc-expanded-sit-run-jump-more "
hair/pigtails/adult/idle.png,hair/pigtails/adult/idle.png,(betty) ,"Radomir Dopieralski,bluecarrot16 ","CC-BY-SA 3.0,GPL 3.0 ","https://opengameart.org/content/one-more-lpc-alternate-character,https://opengameart.org/content/lpc-hair "
hair/pigtails_bangs/adult/idle.png,hair/pigtails_bangs/adult/idle.png,(astarea) ,"Emilio J. Sanchez-Sierra,bluecarrot16 ","CC-BY-SA 3.0,GPL 3.0 ","https://opengameart.org/content/steampun-a-fy-with-concept-art,https://opengameart.org/content/lpc-hair "
hair/pixie/adult/idle.png,hair/pixie/adult/idle.png, ,"JaidynReiman,Manuel Riecke (MrBeast) ","CC-BY-SA 3.0,GPL 3.0 ","https://opengameart.org/content/liberated-pixel-cup-lpc-base-assets-sprites-map-tiles,https://opengameart.org/content/lpc-expanded-hair "
hair/plain/adult/idle.png,hair/plain/adult/idle.png, ,"JaidynReiman,Manuel Riecke (MrBeast),Joe White ","OGA-BY 3.0,CC-BY-SA 3.0,GPL 3.0 ","https://opengameart.org/content/liberated-pixel-cup-lpc-base-assets-sprites-map-tiles,https://opengameart.org/content/ponytail-and-plain-hairstyles,https://opengameart.org/content/lpc-expanded-hair "
hair/relm_short/adult/idle.png,hair/relm_short/adult/idle.png, ,JaidynReiman ,"OGA-BY 3.0+,CC-BY 3.0+,GPL 3.0 ",https://opengameart.org/content/lpc-relm-hair-xlong-ponytail 
hair/shorthawk/adult/idle.png,hair/shorthawk/adult/idle.png, ,"JaidynReiman,Manuel Riecke (MrBeast) ","CC-BY-SA 3.0,GPL 3.0 ","https://opengameart.org/content/liberated-pixel-cup-lpc-base-assets-sprites-map-tiles,https://opengameart.org/content/lpc-expanded-hair "
hair/spiked/adult/idle.png,hair/spiked/adult/idle.png, ,kcilds/Rocetti/Eredah ,CC-BY 4.0 ,"https://opengameart.org/content/eredah-rpg-character-base-48x64-ongoing,https://opengameart.org/content/lpc-hair "
hair/spiked2/adult/idle.png,hair/spiked2/adult/idle.png, ,"Fabzy,bluecarrot16 ",CC-BY-SA 3.0 ,"https://opengameart.org/content/the-revolution-hair,https://opengameart.org/content/lpc-hair "
hair/swoop/adult/idle.png,hair/swoop/adult/idle.png, ,"JaidynReiman,Manuel Riecke (MrBeast) ","CC-BY-SA 3.0,GPL 3.0 ","https://opengameart.org/content/liberated-pixel-cup-lpc-base-assets-sprites-map-tiles,https://opengameart.org/content/lpc-expanded-hair "
hair/unkempt/adult/idle.png,hair/unkempt/adult/idle.png, ,"JaidynReiman,Manuel Riecke (MrBeast) ","CC-BY-SA 3.0,GPL 3.0 ","https://opengameart.org/content/liberated-pixel-cup-lpc-base-assets-sprites-map-tiles,https://opengameart.org/content/lpc-expanded-hair "
hat/cloth/hood/adult/idle.png,hat/cloth/hood/adult/idle.png,"Brown hood by Wulax, original black/white recolors by ??, mapped to idle/run/jump/revised combat by JaidynReiman, along with additional recolors. ","Johannes Sjölund (wulax),JaidynReiman ","OGA-BY 3.0,CC-BY-SA 3.0,GPL 3.0 ","https://opengameart.org/content/lpc-medieval-fantasy-character-sprites,https://opengameart.org/content/lpc-expanded-hats-facial-helmets "
hat/cloth/leather_cap/adult/idle/black.png,hat/cloth/leather_cap/adult/idle.png,"original by Johannes Sjölund (wulax), female by Matthew Krohn, mapped to all frames w/recolors by JaidynReiman ","Johannes Sjölund (wulax),Matthew Krohn (Makrohn),JaidynReiman ","OGA-BY 3.0,CC-BY-SA 3.0,GPL 3.0 ","https://opengameart.org/content/lpc-medieval-fantasy-character-sprites,https://opengameart.org/content/lpc-expanded-hats-facial-helmets "
hat/cloth/leather_cap/adult/idle/bluegray.png,hat/cloth/leather_cap/adult/idle.png,"original by Johannes Sjölund (wulax), female by Matthew Krohn, mapped to all frames w/recolors by JaidynReiman ","Johannes Sjölund (wulax),Matthew Krohn (Makrohn),JaidynReiman ","OGA-BY 3.0,CC-BY-SA 3.0,GPL 3.0 ","https://opengameart.org/content/lpc-medieval-fantasy-character-sprites,https://opengameart.org/content/lpc-expanded-hats-facial-helmets "
hat/cloth/leather_cap/adult/idle/charcoal.png,hat/cloth/leather_cap/adult/idle.png,"original by Johannes Sjölund (wulax), female by Matthew Krohn, mapped to all frames w/recolors by JaidynReiman ","Johannes Sjölund (wulax),Matthew Krohn (Makrohn),JaidynReiman ","OGA-BY 3.0,CC-BY-SA 3.0,GPL 3.0 ","https://opengameart.org/content/lpc-medieval-fantasy-character-sprites,https://opengameart.org/content/lpc-expanded-hats-facial-helmets "
hat/cloth/leather_cap/adult/idle/forest.png,hat/cloth/leather_cap/adult/idle.png,"original by Johannes Sjölund (wulax), female by Matthew Krohn, mapped to all frames w/recolors by JaidynReiman ","Johannes Sjölund (wulax),Matthew Krohn (Makrohn),JaidynReiman ","OGA-BY 3.0,CC-BY-SA 3.0,GPL 3.0 ","https://opengameart.org/content/lpc-medieval-fantasy-character-sprites,https://opengameart.org/content/lpc-expanded-hats-facial-helmets "
hat/cloth/leather_cap/adult/idle/gray.png,hat/cloth/leather_cap/adult/idle.png,"original by Johannes Sjölund (wulax), female by Matthew Krohn, mapped to all frames w/recolors by JaidynReiman ","Johannes Sjölund (wulax),Matthew Krohn (Makrohn),JaidynReiman ","OGA-BY 3.0,CC-BY-SA 3.0,GPL 3.0 ","https://opengameart.org/content/lpc-medieval-fantasy-character-sprites,https://opengameart.org/content/lpc-expanded-hats-facial-helmets "
hat/cloth/leather_cap/adult/idle/lavender.png,hat/cloth/leather_cap/adult/idle.png,"original by Johannes Sjölund (wulax), female by Matthew Krohn, mapped to all frames w/recolors by JaidynReiman ","Johannes Sjölund (wulax),Matthew Krohn (Makrohn),JaidynReiman ","OGA-BY 3.0,CC-BY-SA 3.0,GPL 3.0 ","https://opengameart.org/content/lpc-medieval-fantasy-character-sprites,https://opengameart.org/content/lpc-expanded-hats-facial-helmets "
hat/cloth/leather_cap/adult/idle/leather.png,hat/cloth/leather_cap/adult/idle.png,"original by Johannes Sjölund (wulax), female by Matthew Krohn, mapped to all frames w/recolors by JaidynReiman ","Johannes Sjölund (wulax),Matthew Krohn (Makrohn),JaidynReiman ","OGA-BY 3.0,CC-BY-SA 3.0,GPL 3.0 ","https://opengameart.org/content/lpc-medieval-fantasy-character-sprites,https://opengameart.org/content/lpc-expanded-hats-facial-helmets "
hat/cloth/leather_cap/adult/idle/maroon.png,hat/cloth/leather_cap/adult/idle.png,"original by Johannes Sjölund (wulax), female by Matthew Krohn, mapped to all frames w/recolors by JaidynReiman ","Johannes Sjölund (wulax),Matthew Krohn (Makrohn),JaidynReiman ","OGA-BY 3.0,CC-BY-SA 3.0,GPL 3.0 ","https://opengameart.org/content/lpc-medieval-fantasy-character-sprites,https://opengameart.org/content/lpc-expanded-hats-facial-helmets "
hat/cloth/leather_cap/adult/idle/navy.png,hat/cloth/leather_cap/adult/idle.png,"original by Johannes Sjölund (wulax), female by Matthew Krohn, mapped to all frames w/recolors by JaidynReiman ","Johannes Sjölund (wulax),Matthew Krohn (Makrohn),JaidynReiman ","OGA-BY 3.0,CC-BY-SA 3.0,GPL 3.0 ","https://opengameart.org/content/lpc-medieval-fantasy-character-sprites,https://opengameart.org/content/lpc-expanded-hats-facial-helmets "
hat/cloth/leather_cap/adult/idle/purple.png,hat/cloth/leather_cap/adult/idle.png,"original by Johannes Sjölund (wulax), female by Matthew Krohn, mapped to all frames w/recolors by JaidynReiman ","Johannes Sjölund (wulax),Matthew Krohn (Makrohn),JaidynReiman ","OGA-BY 3.0,CC-BY-SA 3.0,GPL 3.0 ","https://opengameart.org/content/lpc-medieval-fantasy-character-sprites,https://opengameart.org/content/lpc-expanded-hats-facial-helmets "
hat/cloth/leather_cap/adult/idle/red.png,hat/cloth/leather_cap/adult/idle.png,"original by Johannes Sjölund (wulax), female by Matthew Krohn, mapped to all frames w/recolors by JaidynReiman ","Johannes Sjölund (wulax),Matthew Krohn (Makrohn),JaidynReiman ","OGA-BY 3.0,CC-BY-SA 3.0,GPL 3.0 ","https://opengameart.org/content/lpc-medieval-fantasy-character-sprites,https://opengameart.org/content/lpc-expanded-hats-facial-helmets "
hat/cloth/leather_cap/adult/idle/slate.png,hat/cloth/leather_cap/adult/idle.png,"original by Johannes Sjölund (wulax), female by Matthew Krohn, mapped to all frames w/recolors by JaidynReiman ","Johannes Sjölund (wulax),Matthew Krohn (Makrohn),JaidynReiman ","OGA-BY 3.0,CC-BY-SA 3.0,GPL 3.0 ","https://opengameart.org/content/lpc-medieval-fantasy-character-sprites,https://opengameart.org/content/lpc-expanded-hats-facial-helmets "
hat/cloth/leather_cap/adult/idle/teal.png,hat/cloth/leather_cap/adult/idle.png,"original by Johannes Sjölund (wulax), female by Matthew Krohn, mapped to all frames w/recolors by JaidynReiman ","Johannes Sjölund (wulax),Matthew Krohn (Makrohn),JaidynReiman ","OGA-BY 3.0,CC-BY-SA 3.0,GPL 3.0 ","https://opengameart.org/content/lpc-medieval-fantasy-character-sprites,https://opengameart.org/content/lpc-expanded-hats-facial-helmets "
hat/cloth/leather_cap/adult/idle/walnut.png,hat/cloth/leather_cap/adult/idle.png,"original by Johannes Sjölund (wulax), female by Matthew Krohn, mapped to all frames w/recolors by JaidynReiman ","Johannes Sjölund (wulax),Matthew Krohn (Makrohn),JaidynReiman ","OGA-BY 3.0,CC-BY-SA 3.0,GPL 3.0 ","https://opengameart.org/content/lpc-medieval-fantasy-character-sprites,https://opengameart.org/content/lpc-expanded-hats-facial-helmets "
hat/formal/crown/adult/idle/black.png,hat/formal/crown/adult/idle.png, ,"DarkwallLKE,Charles Sanchez (CharlesGabriel) ","CC-BY-SA 3.0,GPL 3.0 ","https://opengameart.org/content/liberated-pixel-cup-lpc-base-assets-sprites-map-tiles,https://opengameart.org/content/lpc-crown,https://opengameart.org/content/lpc-expanded-hats-facial-helmets "
hat/formal/crown/adult/idle/bluegray.png,hat/formal/crown/adult/idle.png, ,"DarkwallLKE,Charles Sanchez (CharlesGabriel) ","CC-BY-SA 3.0,GPL 3.0 ","https://opengameart.org/content/liberated-pixel-cup-lpc-base-assets-sprites-map-tiles,https://opengameart.org/content/lpc-crown,https://opengameart.org/content/lpc-expanded-hats-facial-helmets "
hat/formal/crown/adult/idle/bronze.png,hat/formal/crown/adult/idle.png, ,"DarkwallLKE,Charles Sanchez (CharlesGabriel) ","CC-BY-SA 3.0,GPL 3.0 ","https://opengameart.org/content/liberated-pixel-cup-lpc-base-assets-sprites-map-tiles,https://opengameart.org/content/lpc-crown,https://opengameart.org/content/lpc-expanded-hats-facial-helmets "
hat/formal/crown/adult/idle/forest.png,hat/formal/crown/adult/idle.png, ,"DarkwallLKE,Charles Sanchez (CharlesGabriel) ","CC-BY-SA 3.0,GPL 3.0 ","https://opengameart.org/content/liberated-pixel-cup-lpc-base-assets-sprites-map-tiles,https://opengameart.org/content/lpc-crown,https://opengameart.org/content/lpc-expanded-hats-facial-helmets "
hat/formal/crown/adult/idle/gold.png,hat/formal/crown/adult/idle.png, ,"DarkwallLKE,Charles Sanchez (CharlesGabriel) ","CC-BY-SA 3.0,GPL 3.0 ","https://opengameart.org/content/liberated-pixel-cup-lpc-base-assets-sprites-map-tiles,https://opengameart.org/content/lpc-crown,https://opengameart.org/content/lpc-expanded-hats-facial-helmets "
hat/formal/crown/adult/idle/gray.png,hat/formal/crown/adult/idle.png, ,"DarkwallLKE,Charles Sanchez (CharlesGabriel) ","CC-BY-SA 3.0,GPL 3.0 ","https://opengameart.org/content/liberated-pixel-cup-lpc-base-assets-sprites-map-tiles,https://opengameart.org/content/lpc-crown,https://opengameart.org/content/lpc-expanded-hats-facial-helmets "
hat/formal/crown/adult/idle/iron.png,hat/formal/crown/adult/idle.png, ,"DarkwallLKE,Charles Sanchez (CharlesGabriel) ","CC-BY-SA 3.0,GPL 3.0 ","https://opengameart.org/content/liberated-pixel-cup-lpc-base-assets-sprites-map-tiles,https://opengameart.org/content/lpc-crown,https://opengameart.org/content/lpc-expanded-hats-facial-helmets "
hat/formal/crown/adult/idle/lavender.png,hat/formal/crown/adult/idle.png, ,"DarkwallLKE,Charles Sanchez (CharlesGabriel) ","CC-BY-SA 3.0,GPL 3.0 ","https://opengameart.org/content/liberated-pixel-cup-lpc-base-assets-sprites-map-tiles,https://opengameart.org/content/lpc-crown,https://opengameart.org/content/lpc-expanded-hats-facial-helmets "
hat/formal/crown/adult/idle/leather.png,hat/formal/crown/adult/idle.png, ,"DarkwallLKE,Charles Sanchez (CharlesGabriel) ","CC-BY-SA 3.0,GPL 3.0 ","https://opengameart.org/content/liberated-pixel-cup-lpc-base-assets-sprites-map-tiles,https://opengameart.org/content/lpc-crown,https://opengameart.org/content/lpc-expanded-hats-facial-helmets "
hat/formal/crown/adult/idle/maroon.png,hat/formal/crown/adult/idle.png, ,"DarkwallLKE,Charles Sanchez (CharlesGabriel) ","CC-BY-SA 3.0,GPL 3.0 ","https://opengameart.org/content/liberated-pixel-cup-lpc-base-assets-sprites-map-tiles,https://opengameart.org/content/lpc-crown,https://opengameart.org/content/lpc-expanded-hats-facial-helmets "
hat/formal/crown/adult/idle/navy.png,hat/formal/crown/adult/idle.png, ,"DarkwallLKE,Charles Sanchez (CharlesGabriel) ","CC-BY-SA 3.0,GPL 3.0 ","https://opengameart.org/content/liberated-pixel-cup-lpc-base-assets-sprites-map-tiles,https://opengameart.org/content/lpc-crown,https://opengameart.org/content/lpc-expanded-hats-facial-helmets "
hat/formal/crown/adult/idle/purple.png,hat/formal/crown/adult/idle.png, ,"DarkwallLKE,Charles Sanchez (CharlesGabriel) ","CC-BY-SA 3.0,GPL 3.0 ","https://opengameart.org/content/liberated-pixel-cup-lpc-base-assets-sprites-map-tiles,https://opengameart.org/content/lpc-crown,https://opengameart.org/content/lpc-expanded-hats-facial-helmets "
hat/formal/crown/adult/idle/red.png,hat/formal/crown/adult/idle.png, ,"DarkwallLKE,Charles Sanchez (CharlesGabriel) ","CC-BY-SA 3.0,GPL 3.0 ","https://opengameart.org/content/liberated-pixel-cup-lpc-base-assets-sprites-map-tiles,https://opengameart.org/content/lpc-crown,https://opengameart.org/content/lpc-expanded-hats-facial-helmets "
hat/formal/crown/adult/idle/silver.png,hat/formal/crown/adult/idle.png, ,"DarkwallLKE,Charles Sanchez (CharlesGabriel) ","CC-BY-SA 3.0,GPL 3.0 ","https://opengameart.org/content/liberated-pixel-cup-lpc-base-assets-sprites-map-tiles,https://opengameart.org/content/lpc-crown,https://opengameart.org/content/lpc-expanded-hats-facial-helmets "
hat/formal/crown/adult/idle/slate.png,hat/formal/crown/adult/idle.png, ,"DarkwallLKE,Charles Sanchez (CharlesGabriel) ","CC-BY-SA 3.0,GPL 3.0 ","https://opengameart.org/content/liberated-pixel-cup-lpc-base-assets-sprites-map-tiles,https://opengameart.org/content/lpc-crown,https://opengameart.org/content/lpc-expanded-hats-facial-helmets "
hat/formal/crown/adult/idle/steel.png,hat/formal/crown/adult/idle.png, ,"DarkwallLKE,Charles Sanchez (CharlesGabriel) ","CC-BY-SA 3.0,GPL 3.0 ","https://opengameart.org/content/liberated-pixel-cup-lpc-base-assets-sprites-map-tiles,https://opengameart.org/content/lpc-crown,https://opengameart.org/content/lpc-expanded-hats-facial-helmets "
hat/formal/crown/adult/idle/teal.png,hat/formal/crown/adult/idle.png, ,"DarkwallLKE,Charles Sanchez (CharlesGabriel) ","CC-BY-SA 3.0,GPL 3.0 ","https://opengameart.org/content/liberated-pixel-cup-lpc-base-assets-sprites-map-tiles,https://opengameart.org/content/lpc-crown,https://opengameart.org/content/lpc-expanded-hats-facial-helmets "
hat/formal/crown/adult/idle/walnut.png,hat/formal/crown/adult/idle.png, ,"DarkwallLKE,Charles Sanchez (CharlesGabriel) ","CC-BY-SA 3.0,GPL 3.0 ","https://opengameart.org/content/liberated-pixel-cup-lpc-base-assets-sprites-map-tiles,https://opengameart.org/content/lpc-crown,https://opengameart.org/content/lpc-expanded-hats-facial-helmets "
hat/formal/tiara/adult/idle/black.png,hat/formal/tiara/adult/idle.png, ,Luke Mehl ,"CC-BY-SA 3.0,GPL 3.0 ","https://opengameart.org/content/female-mage-clothing-set,https://opengameart.org/content/lpc-expanded-hats-facial-helmets "
hat/formal/tiara/adult/idle/bluegray.png,hat/formal/tiara/adult/idle.png, ,Luke Mehl ,"CC-BY-SA 3.0,GPL 3.0 ","https://opengameart.org/content/female-mage-clothing-set,https://opengameart.org/content/lpc-expanded-hats-facial-helmets "
hat/formal/tiara/adult/idle/charcoal.png,hat/formal/tiara/adult/idle.png, ,Luke Mehl ,"CC-BY-SA 3.0,GPL 3.0 ","https://opengameart.org/content/female-mage-clothing-set,https://opengameart.org/content/lpc-expanded-hats-facial-helmets "
hat/formal/tiara/adult/idle/forest.png,hat/formal/tiara/adult/idle.png, ,Luke Mehl ,"CC-BY-SA 3.0,GPL 3.0 ","https://opengameart.org/content/female-mage-clothing-set,https://opengameart.org/content/lpc-expanded-hats-facial-helmets "
hat/formal/tiara/adult/idle/gold.png,hat/formal/tiara/adult/idle.png, ,Luke Mehl ,"CC-BY-SA 3.0,GPL 3.0 ","https://opengameart.org/content/female-mage-clothing-set,https://opengameart.org/content/lpc-expanded-hats-facial-helmets "
hat/formal/tiara/adult/idle/gray.png,hat/formal/tiara/adult/idle.png, ,Luke Mehl ,"CC-BY-SA 3.0,GPL 3.0 ","https://opengameart.org/content/female-mage-clothing-set,https://opengameart.org/content/lpc-expanded-hats-facial-helmets "
hat/formal/tiara/adult/idle/iron.png,hat/formal/tiara/adult/idle.png, ,Luke Mehl ,"CC-BY-SA 3.0,GPL 3.0 ","https://opengameart.org/content/female-mage-clothing-set,https://opengameart.org/content/lpc-expanded-hats-facial-helmets "
hat/formal/tiara/adult/idle/lavender.png,hat/formal/tiara/adult/idle.png, ,Luke Mehl ,"CC-BY-SA 3.0,GPL 3.0 ","https://opengameart.org/content/female-mage-clothing-set,https://opengameart.org/content/lpc-expanded-hats-facial-helmets "
hat/formal/tiara/adult/idle/leather.png,hat/formal/tiara/adult/idle.png, ,Luke Mehl ,"CC-BY-SA 3.0,GPL 3.0 ","https://opengameart.org/content/female-mage-clothing-set,https://opengameart.org/content/lpc-expanded-hats-facial-helmets "
hat/formal/tiara/adult/idle/maroon.png,hat/formal/tiara/adult/idle.png, ,Luke Mehl ,"CC-BY-SA 3.0,GPL 3.0 ","https://opengameart.org/content/female-mage-clothing-set,https://opengameart.org/content/lpc-expanded-hats-facial-helmets "
hat/formal/tiara/adult/idle/navy.png,hat/formal/tiara/adult/idle.png, ,Luke Mehl ,"CC-BY-SA 3.0,GPL 3.0 ","https://opengameart.org/content/female-mage-clothing-set,https://opengameart.org/content/lpc-expanded-hats-facial-helmets "
hat/formal/tiara/adult/idle/purple.png,hat/formal/tiara/adult/idle.png, ,Luke Mehl ,"CC-BY-SA 3.0,GPL 3.0 ","https://opengameart.org/content/female-mage-clothing-set,https://opengameart.org/content/lpc-expanded-hats-facial-helmets "
hat/formal/tiara/adult/idle/red.png,hat/formal/tiara/adult/idle.png, ,Luke Mehl ,"CC-BY-SA 3.0,GPL 3.0 ","https://opengameart.org/content/female-mage-clothing-set,https://opengameart.org/content/lpc-expanded-hats-facial-helmets "
hat/formal/tiara/adult/idle/silver.png,hat/formal/tiara/adult/idle.png, ,Luke Mehl ,"CC-BY-SA 3.0,GPL 3.0 ","https://opengameart.org/content/female-mage-clothing-set,https://opengameart.org/content/lpc-expanded-hats-facial-helmets "
hat/formal/tiara/adult/idle/slate.png,hat/formal/tiara/adult/idle.png, ,Luke Mehl ,"CC-BY-SA 3.0,GPL 3.0 ","https://opengameart.org/content/female-mage-clothing-set,https://opengameart.org/content/lpc-expanded-hats-facial-helmets "
hat/formal/tiara/adult/idle/steel.png,hat/formal/tiara/adult/idle.png, ,Luke Mehl ,"CC-BY-SA 3.0,GPL 3.0 ","https://opengameart.org/content/female-mage-clothing-set,https://opengameart.org/content/lpc-expanded-hats-facial-helmets "
hat/formal/tiara/adult/idle/teal.png,hat/formal/tiara/adult/idle.png, ,Luke Mehl ,"CC-BY-SA 3.0,GPL 3.0 ","https://opengameart.org/content/female-mage-clothing-set,https://opengameart.org/content/lpc-expanded-hats-facial-helmets "
hat/formal/tiara/adult/idle/walnut.png,hat/formal/tiara/adult/idle.png, ,Luke Mehl ,"CC-BY-SA 3.0,GPL 3.0 ","https://opengameart.org/content/female-mage-clothing-set,https://opengameart.org/content/lpc-expanded-hats-facial-helmets "
hat/helmet/armet/adult/idle.png,hat/helmet/armet/adult/idle.png,"previously called helmet/armor, original version by Johannes Sjölund (wulax), adjustments by bluecarrot16, color reduction by JaidynReiman ","bluecarrot16,Johannes Sjölund (wulax),JaidynReiman ","OGA-BY 3.0,CC-BY-SA 3.0,GPL 3.0 ","https://opengameart.org/content/lpc-medieval-fantasy-character-sprites,https://opengameart.org/content/lpc-expanded-hats-facial-helmets "
hat/helmet/barbarian/adult/idle.png,hat/helmet/barbarian/adult/idle.png,"original version by bluecarrot16, color reduction by Napsio (Vitruvian Studio) ","bluecarrot16,JaidynReiman,Napsio (Vitruvian Studio) ","CC-BY 3.0,CC-BY 4.0,OGA-BY 3.0,GPL 2.0,GPL 3.0 ","https://opengameart.org/content/lpc-helmets,https://opengameart.org/content/lpc-expanded-hats-facial-helmets "
hat/helmet/bascinet/adult/idle.png,hat/helmet/bascinet/adult/idle.png, ,"bluecarrot16,ElizaWy,Sander Frenken (castelonia) ","OGA-BY 3.0,CC-BY-SA 4.0,CC-BY-SA 3.0,GPL 3.0 ","https://opengameart.org/content/lpc-realistic-helmet-pack,https://opengameart.org/content/lpc-helmets-mega-pack,https://opengameart.org/content/lpc-expanded-hats-facial-helmets "
hat/helmet/horned/adult/idle.png,hat/helmet/horned/adult/idle.png, ,"bluecarrot16,Shaun Williams,Matthew Krohn (makrohn),Johannes Sjölund (wulax),Sander Frenken (castelonia) ","CC-BY-SA 3.0,GPL 3.0 ","https://opengameart.org/content/lpc-medieval-fantasy-character-sprites,https://opengameart.org/content/lpc-full-plate-golden-armor,https://opengameart.org/content/lpc-full-plate-golden-armor-0,https://opengameart.org/content/lpc-helmets-mega-pack,https://opengameart.org/content/lpc-expanded-hats-facial-helmets "
hat/helmet/kettle/adult/idle.png,hat/helmet/kettle/adult/idle.png,"previously referred to as chain-hat, color reduction by Napsio (Vitruvian Studio) ","Johannes Sjölund (wulax),JaidynReiman,Napsio (Vitruvian Studio) ","OGA-BY 3.0,CC-BY-SA 3.0,GPL 3.0 ","https://opengameart.org/content/lpc-medieval-fantasy-character-sprites,https://opengameart.org/content/lpc-expanded-hats-facial-helmets "
hat/helmet/legion/adult/idle.png,hat/helmet/legion/adult/idle.png, ,"bluecarrot16,Nila122,JaidynReiman,Matthew Krohn (makrohn),Johannes Sjölund (wulax) ","OGA-BY 3.0,CC-BY-SA 3.0,GPL 2.0,GPL 3.0 ","https://opengameart.org/content/lpc-roman-armor,https://opengameart.org/content/lpc-expanded-hats-facial-helmets "
hat/helmet/mail/adult/idle.png,hat/helmet/mail/adult/idle.png,reduced palette version by Napsio ,"Napsio (Vitruvian Studio),Johannes Sjölund (wulax),JaidynReiman ","OGA-BY 3.0,CC-BY-SA 3.0,GPL 3.0 ","https://opengameart.org/content/lpc-medieval-fantasy-character-sprites,https://opengameart.org/content/lpc-expanded-hats-facial-helmets "
hat/helmet/nasal/adult/idle.png,hat/helmet/nasal/adult/idle.png, ,bluecarrot16 ,"CC-BY 3.0,CC-BY 4.0,OGA-BY 3.0,GPL 2.0,GPL 3.0 ","https://opengameart.org/content/lpc-helmets,https://opengameart.org/content/lpc-expanded-hats-facial-helmets "
hat/helmet/norman/adult/idle.png,hat/helmet/norman/adult/idle.png, ,"ElizaWy,Sander Frenken (castelonia) ","OGA-BY 3.0,CC-BY-SA 4.0,CC-BY-SA 3.0,GPL 3.0 ","https://opengameart.org/content/lpc-realistic-helmet-pack,https://opengameart.org/content/lpc-expanded-hats-facial-helmets "
hat/helmet/pointed/adult/idle.png,hat/helmet/pointed/adult/idle.png,"original version by bluecarrot16, color reduction by JaidynReiman ","bluecarrot16,JaidynReiman ","CC-BY 3.0,CC-BY 4.0,OGA-BY 3.0,GPL 2.0,GPL 3.0 ","https://opengameart.org/content/lpc-helmets,https://opengameart.org/content/lpc-expanded-hats-facial-helmets "
hat/magic/celestial/adult/idle/black.png,hat/magic/celestial/adult/idle.png,"Original by Tracy, Adapted to ULPC by Big Bear Games, reduced colors by Napsio ","Napsio (Vitruvian Studio),Michael Whitlock (bigbeargames),Tracy ",CC-BY 3.0 ,"https://opengameart.org/content/lpc-celestial-wizard-hats,https://opengameart.org/content/lpc-expanded-hats-facial-helmets "
hat/magic/celestial/adult/idle/bluegray.png,hat/magic/celestial/adult/idle.png,"Original by Tracy, Adapted to ULPC by Big Bear Games, reduced colors by Napsio ","Napsio (Vitruvian Studio),Michael Whitlock (bigbeargames),Tracy ",CC-BY 3.0 ,"https://opengameart.org/content/lpc-celestial-wizard-hats,https://opengameart.org/content/lpc-expanded-hats-facial-helmets "
hat/magic/celestial/adult/idle/charcoal.png,hat/magic/celestial/adult/idle.png,"Original by Tracy, Adapted to ULPC by Big Bear Games, reduced colors by Napsio ","Napsio (Vitruvian Studio),Michael Whitlock (bigbeargames),Tracy ",CC-BY 3.0 ,"https://opengameart.org/content/lpc-celestial-wizard-hats,https://opengameart.org/content/lpc-expanded-hats-facial-helmets "
hat/magic/celestial/adult/idle/forest.png,hat/magic/celestial/adult/idle.png,"Original by Tracy, Adapted to ULPC by Big Bear Games, reduced colors by Napsio ","Napsio (Vitruvian Studio),Michael Whitlock (bigbeargames),Tracy ",CC-BY 3.0 ,"https://opengameart.org/content/lpc-celestial-wizard-hats,https://opengameart.org/content/lpc-expanded-hats-facial-helmets "
hat/magic/celestial/adult/idle/gray.png,hat/magic/celestial/adult/idle.png,"Original by Tracy, Adapted to ULPC by Big Bear Games, reduced colors by Napsio ","Napsio (Vitruvian Studio),Michael Whitlock (bigbeargames),Tracy ",CC-BY 3.0 ,"https://opengameart.org/content/lpc-celestial-wizard-hats,https://opengameart.org/content/lpc-expanded-hats-facial-helmets "
hat/magic/celestial/adult/idle/lavender.png,hat/magic/celestial/adult/idle.png,"Original by Tracy, Adapted to ULPC by Big Bear Games, reduced colors by Napsio ","Napsio (Vitruvian Studio),Michael Whitlock (bigbeargames),Tracy ",CC-BY 3.0 ,"https://opengameart.org/content/lpc-celestial-wizard-hats,https://opengameart.org/content/lpc-expanded-hats-facial-helmets "
hat/magic/celestial/adult/idle/leather.png,hat/magic/celestial/adult/idle.png,"Original by Tracy, Adapted to ULPC by Big Bear Games, reduced colors by Napsio ","Napsio (Vitruvian Studio),Michael Whitlock (bigbeargames),Tracy ",CC-BY 3.0 ,"https://opengameart.org/content/lpc-celestial-wizard-hats,https://opengameart.org/content/lpc-expanded-hats-facial-helmets "
hat/magic/celestial/adult/idle/maroon.png,hat/magic/celestial/adult/idle.png,"Original by Tracy, Adapted to ULPC by Big Bear Games, reduced colors by Napsio ","Napsio (Vitruvian Studio),Michael Whitlock (bigbeargames),Tracy ",CC-BY 3.0 ,"https://opengameart.org/content/lpc-celestial-wizard-hats,https://opengameart.org/content/lpc-expanded-hats-facial-helmets "
hat/magic/celestial/adult/idle/navy.png,hat/magic/celestial/adult/idle.png,"Original by Tracy, Adapted to ULPC by Big Bear Games, reduced colors by Napsio ","Napsio (Vitruvian Studio),Michael Whitlock (bigbeargames),Tracy ",CC-BY 3.0 ,"https://opengameart.org/content/lpc-celestial-wizard-hats,https://opengameart.org/content/lpc-expanded-hats-facial-helmets "
hat/magic/celestial/adult/idle/purple.png,hat/magic/celestial/adult/idle.png,"Original by Tracy, Adapted to ULPC by Big Bear Games, reduced colors by Napsio ","Napsio (Vitruvian Studio),Michael Whitlock (bigbeargames),Tracy ",CC-BY 3.0 ,"https://opengameart.org/content/lpc-celestial-wizard-hats,https://opengameart.org/content/lpc-expanded-hats-facial-helmets "
hat/magic/celestial/adult/idle/red.png,hat/magic/celestial/adult/idle.png,"Original by Tracy, Adapted to ULPC by Big Bear Games, reduced colors by Napsio ","Napsio (Vitruvian Studio),Michael Whitlock (bigbeargames),Tracy ",CC-BY 3.0 ,"https://opengameart.org/content/lpc-celestial-wizard-hats,https://opengameart.org/content/lpc-expanded-hats-facial-helmets "
hat/magic/celestial/adult/idle/slate.png,hat/magic/celestial/adult/idle.png,"Original by Tracy, Adapted to ULPC by Big Bear Games, reduced colors by Napsio ","Napsio (Vitruvian Studio),Michael Whitlock (bigbeargames),Tracy ",CC-BY 3.0 ,"https://opengameart.org/content/lpc-celestial-wizard-hats,https://opengameart.org/content/lpc-expanded-hats-facial-helmets "
hat/magic/celestial/adult/idle/teal.png,hat/magic/celestial/adult/idle.png,"Original by Tracy, Adapted to ULPC by Big Bear Games, reduced colors by Napsio ","Napsio (Vitruvian Studio),Michael Whitlock (bigbeargames),Tracy ",CC-BY 3.0 ,"https://opengameart.org/content/lpc-celestial-wizard-hats,https://opengameart.org/content/lpc-expanded-hats-facial-helmets "
hat/magic/celestial/adult/idle/walnut.png,hat/magic/celestial/adult/idle.png,"Original by Tracy, Adapted to ULPC by Big Bear Games, reduced colors by Napsio ","Napsio (Vitruvian Studio),Michael Whitlock (bigbeargames),Tracy ",CC-BY 3.0 ,"https://opengameart.org/content/lpc-celestial-wizard-hats,https://opengameart.org/content/lpc-expanded-hats-facial-helmets "
hat/magic/celestial_moon/adult/idle/black.png,hat/magic/celestial_moon/adult/idle.png,sheet_definitions/hat_magic_celestial.json ,"Napsio (Vitruvian Studio),Michael Whitlock (bigbeargames),Tracy ",CC-BY 3.0 ,"https:/opengameart.org/content/lpc-celestial-wizard-hats,https:/opengameart.org/content/lpc-expanded-hats-facial-helmets "
hat/magic/celestial_moon/adult/idle/bluegray.png,hat/magic/celestial_moon/adult/idle.png,sheet_definitions/hat_magic_celestial.json ,"Napsio (Vitruvian Studio),Michael Whitlock (bigbeargames),Tracy ",CC-BY 3.0 ,"https:/opengameart.org/content/lpc-celestial-wizard-hats,https:/opengameart.org/content/lpc-expanded-hats-facial-helmets "
hat/magic/celestial_moon/adult/idle/charcoal.png,hat/magic/celestial_moon/adult/idle.png,sheet_definitions/hat_magic_celestial.json ,"Napsio (Vitruvian Studio),Michael Whitlock (bigbeargames),Tracy ",CC-BY 3.0 ,"https:/opengameart.org/content/lpc-celestial-wizard-hats,https:/opengameart.org/content/lpc-expanded-hats-facial-helmets "
hat/magic/celestial_moon/adult/idle/forest.png,hat/magic/celestial_moon/adult/idle.png,sheet_definitions/hat_magic_celestial.json ,"Napsio (Vitruvian Studio),Michael Whitlock (bigbeargames),Tracy ",CC-BY 3.0 ,"https:/opengameart.org/content/lpc-celestial-wizard-hats,https:/opengameart.org/content/lpc-expanded-hats-facial-helmets "
hat/magic/celestial_moon/adult/idle/gray.png,hat/magic/celestial_moon/adult/idle.png,sheet_definitions/hat_magic_celestial.json ,"Napsio (Vitruvian Studio),Michael Whitlock (bigbeargames),Tracy ",CC-BY 3.0 ,"https:/opengameart.org/content/lpc-celestial-wizard-hats,https:/opengameart.org/content/lpc-expanded-hats-facial-helmets "
hat/magic/celestial_moon/adult/idle/lavender.png,hat/magic/celestial_moon/adult/idle.png,sheet_definitions/hat_magic_celestial.json ,"Napsio (Vitruvian Studio),Michael Whitlock (bigbeargames),Tracy ",CC-BY 3.0 ,"https:/opengameart.org/content/lpc-celestial-wizard-hats,https:/opengameart.org/content/lpc-expanded-hats-facial-helmets "
hat/magic/celestial_moon/adult/idle/leather.png,hat/magic/celestial_moon/adult/idle.png,sheet_definitions/hat_magic_celestial.json ,"Napsio (Vitruvian Studio),Michael Whitlock (bigbeargames),Tracy ",CC-BY 3.0 ,"https:/opengameart.org/content/lpc-celestial-wizard-hats,https:/opengameart.org/content/lpc-expanded-hats-facial-helmets "
hat/magic/celestial_moon/adult/idle/maroon.png,hat/magic/celestial_moon/adult/idle.png,sheet_definitions/hat_magic_celestial.json ,"Napsio (Vitruvian Studio),Michael Whitlock (bigbeargames),Tracy ",CC-BY 3.0 ,"https:/opengameart.org/content/lpc-celestial-wizard-hats,https:/opengameart.org/content/lpc-expanded-hats-facial-helmets "
hat/magic/celestial_moon/adult/idle/navy.png,hat/magic/celestial_moon/adult/idle.png,sheet_definitions/hat_magic_celestial.json ,"Napsio (Vitruvian Studio),Michael Whitlock (bigbeargames),Tracy ",CC-BY 3.0 ,"https:/opengameart.org/content/lpc-celestial-wizard-hats,https:/opengameart.org/content/lpc-expanded-hats-facial-helmets "
hat/magic/celestial_moon/adult/idle/purple.png,hat/magic/celestial_moon/adult/idle.png,sheet_definitions/hat_magic_celestial.json ,"Napsio (Vitruvian Studio),Michael Whitlock (bigbeargames),Tracy ",CC-BY 3.0 ,"https:/opengameart.org/content/lpc-celestial-wizard-hats,https:/opengameart.org/content/lpc-expanded-hats-facial-helmets "
hat/magic/celestial_moon/adult/idle/red.png,hat/magic/celestial_moon/adult/idle.png,sheet_definitions/hat_magic_celestial.json ,"Napsio (Vitruvian Studio),Michael Whitlock (bigbeargames),Tracy ",CC-BY 3.0 ,"https:/opengameart.org/content/lpc-celestial-wizard-hats,https:/opengameart.org/content/lpc-expanded-hats-facial-helmets "
hat/magic/celestial_moon/adult/idle/slate.png,hat/magic/celestial_moon/adult/idle.png,sheet_definitions/hat_magic_celestial.json ,"Napsio (Vitruvian Studio),Michael Whitlock (bigbeargames),Tracy ",CC-BY 3.0 ,"https:/opengameart.org/content/lpc-celestial-wizard-hats,https:/opengameart.org/content/lpc-expanded-hats-facial-helmets "
hat/magic/celestial_moon/adult/idle/teal.png,hat/magic/celestial_moon/adult/idle.png,sheet_definitions/hat_magic_celestial.json ,"Napsio (Vitruvian Studio),Michael Whitlock (bigbeargames),Tracy ",CC-BY 3.0 ,"https:/opengameart.org/content/lpc-celestial-wizard-hats,https:/opengameart.org/content/lpc-expanded-hats-facial-helmets "
hat/magic/celestial_moon/adult/idle/walnut.png,hat/magic/celestial_moon/adult/idle.png,sheet_definitions/hat_magic_celestial.json ,"Napsio (Vitruvian Studio),Michael Whitlock (bigbeargames),Tracy ",CC-BY 3.0 ,"https:/opengameart.org/content/lpc-celestial-wizard-hats,https:/opengameart.org/content/lpc-expanded-hats-facial-helmets "
hat/magic/wizard/base/adult/idle/black.png,hat/magic/wizard/base/adult/idle.png,Original Wizard Hat and Recolors by bigbeargames and reemax; split into separate layers with new recolors by JaidynReiman ,"Michael Whitlock (bigbeargames),Tuomo Untinen (reemax),JaidynReiman ","CC-BY-SA 3.0,GPL 2.0,GPL 3.0 ","https://opengameart.org/content/lpc-items-and-game-effects,https://opengameart.org/content/lpc-pointed-hats,https://opengameart.org/content/lpc-expanded-hats-facial-helmets "
hat/magic/wizard/base/adult/idle/bluegray.png,hat/magic/wizard/base/adult/idle.png,Original Wizard Hat and Recolors by bigbeargames and reemax; split into separate layers with new recolors by JaidynReiman ,"Michael Whitlock (bigbeargames),Tuomo Untinen (reemax),JaidynReiman ","CC-BY-SA 3.0,GPL 2.0,GPL 3.0 ","https://opengameart.org/content/lpc-items-and-game-effects,https://opengameart.org/content/lpc-pointed-hats,https://opengameart.org/content/lpc-expanded-hats-facial-helmets "
hat/magic/wizard/base/adult/idle/charcoal.png,hat/magic/wizard/base/adult/idle.png,Original Wizard Hat and Recolors by bigbeargames and reemax; split into separate layers with new recolors by JaidynReiman ,"Michael Whitlock (bigbeargames),Tuomo Untinen (reemax),JaidynReiman ","CC-BY-SA 3.0,GPL 2.0,GPL 3.0 ","https://opengameart.org/content/lpc-items-and-game-effects,https://opengameart.org/content/lpc-pointed-hats,https://opengameart.org/content/lpc-expanded-hats-facial-helmets "
hat/magic/wizard/base/adult/idle/forest.png,hat/magic/wizard/base/adult/idle.png,Original Wizard Hat and Recolors by bigbeargames and reemax; split into separate layers with new recolors by JaidynReiman ,"Michael Whitlock (bigbeargames),Tuomo Untinen (reemax),JaidynReiman ","CC-BY-SA 3.0,GPL 2.0,GPL 3.0 ","https://opengameart.org/content/lpc-items-and-game-effects,https://opengameart.org/content/lpc-pointed-hats,https://opengameart.org/content/lpc-expanded-hats-facial-helmets "
hat/magic/wizard/base/adult/idle/gray.png,hat/magic/wizard/base/adult/idle.png,Original Wizard Hat and Recolors by bigbeargames and reemax; split into separate layers with new recolors by JaidynReiman ,"Michael Whitlock (bigbeargames),Tuomo Untinen (reemax),JaidynReiman ","CC-BY-SA 3.0,GPL 2.0,GPL 3.0 ","https://opengameart.org/content/lpc-items-and-game-effects,https://opengameart.org/content/lpc-pointed-hats,https://opengameart.org/content/lpc-expanded-hats-facial-helmets "
hat/magic/wizard/base/adult/idle/lavender.png,hat/magic/wizard/base/adult/idle.png,Original Wizard Hat and Recolors by bigbeargames and reemax; split into separate layers with new recolors by JaidynReiman ,"Michael Whitlock (bigbeargames),Tuomo Untinen (reemax),JaidynReiman ","CC-BY-SA 3.0,GPL 2.0,GPL 3.0 ","https://opengameart.org/content/lpc-items-and-game-effects,https://opengameart.org/content/lpc-pointed-hats,https://opengameart.org/content/lpc-expanded-hats-facial-helmets "
hat/magic/wizard/base/adult/idle/leather.png,hat/magic/wizard/base/adult/idle.png,Original Wizard Hat and Recolors by bigbeargames and reemax; split into separate layers with new recolors by JaidynReiman ,"Michael Whitlock (bigbeargames),Tuomo Untinen (reemax),JaidynReiman ","CC-BY-SA 3.0,GPL 2.0,GPL 3.0 ","https://opengameart.org/content/lpc-items-and-game-effects,https://opengameart.org/content/lpc-pointed-hats,https://opengameart.org/content/lpc-expanded-hats-facial-helmets "
hat/magic/wizard/base/adult/idle/maroon.png,hat/magic/wizard/base/adult/idle.png,Original Wizard Hat and Recolors by bigbeargames and reemax; split into separate layers with new recolors by JaidynReiman ,"Michael Whitlock (bigbeargames),Tuomo Untinen (reemax),JaidynReiman ","CC-BY-SA 3.0,GPL 2.0,GPL 3.0 ","https://opengameart.org/content/lpc-items-and-game-effects,https://opengameart.org/content/lpc-pointed-hats,https://opengameart.org/content/lpc-expanded-hats-facial-helmets "
hat/magic/wizard/base/adult/idle/navy.png,hat/magic/wizard/base/adult/idle.png,Original Wizard Hat and Recolors by bigbeargames and reemax; split into separate layers with new recolors by JaidynReiman ,"Michael Whitlock (bigbeargames),Tuomo Untinen (reemax),JaidynReiman ","CC-BY-SA 3.0,GPL 2.0,GPL 3.0 ","https://opengameart.org/content/lpc-items-and-game-effects,https://opengameart.org/content/lpc-pointed-hats,https://opengameart.org/content/lpc-expanded-hats-facial-helmets "
hat/magic/wizard/base/adult/idle/purple.png,hat/magic/wizard/base/adult/idle.png,Original Wizard Hat and Recolors by bigbeargames and reemax; split into separate layers with new recolors by JaidynReiman ,"Michael Whitlock (bigbeargames),Tuomo Untinen (reemax),JaidynReiman ","CC-BY-SA 3.0,GPL 2.0,GPL 3.0 ","https://opengameart.org/content/lpc-items-and-game-effects,https://opengameart.org/content/lpc-pointed-hats,https://opengameart.org/content/lpc-expanded-hats-facial-helmets "
hat/magic/wizard/base/adult/idle/red.png,hat/magic/wizard/base/adult/idle.png,Original Wizard Hat and Recolors by bigbeargames and reemax; split into separate layers with new recolors by JaidynReiman ,"Michael Whitlock (bigbeargames),Tuomo Untinen (reemax),JaidynReiman ","CC-BY-SA 3.0,GPL 2.0,GPL 3.0 ","https://opengameart.org/content/lpc-items-and-game-effects,https://opengameart.org/content/lpc-pointed-hats,https://opengameart.org/content/lpc-expanded-hats-facial-helmets "
hat/magic/wizard/base/adult/idle/slate.png,hat/magic/wizard/base/adult/idle.png,Original Wizard Hat and Recolors by bigbeargames and reemax; split into separate layers with new recolors by JaidynReiman ,"Michael Whitlock (bigbeargames),Tuomo Untinen (reemax),JaidynReiman ","CC-BY-SA 3.0,GPL 2.0,GPL 3.0 ","https://opengameart.org/content/lpc-items-and-game-effects,https://opengameart.org/content/lpc-pointed-hats,https://opengameart.org/content/lpc-expanded-hats-facial-helmets "
hat/magic/wizard/base/adult/idle/teal.png,hat/magic/wizard/base/adult/idle.png,Original Wizard Hat and Recolors by bigbeargames and reemax; split into separate layers with new recolors by JaidynReiman ,"Michael Whitlock (bigbeargames),Tuomo Untinen (reemax),JaidynReiman ","CC-BY-SA 3.0,GPL 2.0,GPL 3.0 ","https://opengameart.org/content/lpc-items-and-game-effects,https://opengameart.org/content/lpc-pointed-hats,https://opengameart.org/content/lpc-expanded-hats-facial-helmets "
hat/magic/wizard/base/adult/idle/walnut.png,hat/magic/wizard/base/adult/idle.png,Original Wizard Hat and Recolors by bigbeargames and reemax; split into separate layers with new recolors by JaidynReiman ,"Michael Whitlock (bigbeargames),Tuomo Untinen (reemax),JaidynReiman ","CC-BY-SA 3.0,GPL 2.0,GPL 3.0 ","https://opengameart.org/content/lpc-items-and-game-effects,https://opengameart.org/content/lpc-pointed-hats,https://opengameart.org/content/lpc-expanded-hats-facial-helmets "
legs/armour/plate/male/idle.png,legs/armour/plate/male/idle.png,"reduced to 7 colors an adapted to v3 bases by bluecarrot16, climb/jump/sit/emote/run by JaidynReiman ","bluecarrot16,JaidynReiman,Michael Whitlock (bigbeargames),Matthew Krohn (makrohn),Johannes Sjölund (wulax) ","OGA-BY 3.0,CC-BY-SA 3.0,GPL 3.0 ",https://opengameart.org/content/lpc-medieval-fantasy-character-sprites 
legs/armour/plate/thin/idle.png,legs/armour/plate/thin/idle.png,"reduced to 7 colors an adapted to v3 bases by bluecarrot16, climb/jump/sit/emote/run by JaidynReiman ","bluecarrot16,JaidynReiman,Michael Whitlock (bigbeargames),Matthew Krohn (makrohn),Johannes Sjölund (wulax) ","OGA-BY 3.0,CC-BY-SA 3.0,GPL 3.0 ",https://opengameart.org/content/lpc-medieval-fantasy-character-sprites 
legs/hose/male/idle.png,legs/hose/male/idle.png,"Original bases by Redshrike, thrust/shoot bases by Wulax, original overalls and hose by ElizaWy, base animations adapted from v3 overalls by bluecarrot16, male hose by JaidynReiman ","JaidynReiman,ElizaWy,bluecarrot16,JaidynReiman,ElizaWy,Johannes Sjölund (wulax),Stephen Challener (Redshrike) ","OGA-BY 3.0,GPL 3.0 ","https://github.com/ElizaWy/LPC/tree/main/Characters/Clothing,https://opengameart.org/content/lpc-expanded-pants "
legs/hose/thin/idle.png,legs/hose/thin/idle.png,"Original bases by Redshrike, thrust/shoot bases by Wulax, original by ElizaWy, remaining frames by JaidynReiman ","ElizaWy,JaidynReiman,Johannes Sjölund (wulax),Stephen Challener (Redshrike) ",OGA-BY 3.0 ,"https://github.com/ElizaWy/LPC/tree/main/Characters/Clothing,https://opengameart.org/content/lpc-expanded-sit-run-jump-more,https://opengameart.org/content/lpc-expanded-pants "
legs/leggings/male/idle.png,legs/leggings/male/idle.png,"Original bases by Redshrike, thrust/shoot bases by Wulax, original overalls by ElizaWy, base animations adapted from v3 overalls by bluecarrot16, leggings by JaidynReiman ","bluecarrot16,ElizaWy,JaidynReiman,Mandi Paugh,William.Thompsonj,Johannes Sjölund (wulax),Stephen Challener (Redshrike) ","OGA-BY 3.0,GPL 3.0 ","https://github.com/ElizaWy/LPC/tree/main/Characters/Clothing,https://opengameart.org/content/lpc-expanded-pants "
legs/leggings/thin/idle.png,legs/leggings/thin/idle.png,"Original bases by Redshrike, thrust/shoot bases by Wulax, adapted from sara's leggings to v3 bases by bluecarrot16, jump/run/sit by JaidynReiman based on ElizaWy's and modified to match ","bluecarrot16,ElizaWy,JaidynReiman,Mandi Paugh,William.Thompsonj,Johannes Sjölund (wulax),Stephen Challener (Redshrike) ",OGA-BY 3.0 ,"http://opengameart.org/content/sara-wizard,https://opengameart.org/content/lpc-sara,https://opengameart.org/content/lpc-expanded-pants "
legs/leggings2/male/idle.png,legs/leggings2/male/idle.png,"original overalls by ElizaWy, base animations adapted from v3 overalls by bluecarrot16, leggings by JaidynReiman ","bluecarrot16,ElizaWy,JaidynReiman,Mandi Paugh,William.Thompsonj,Johannes Sjölund (wulax),Stephen Challener (Redshrike) ","OGA-BY 3.0,GPL 3.0 ","https://github.com/ElizaWy/LPC/tree/main/Characters/Clothing,https://opengameart.org/content/lpc-expanded-pants "
legs/leggings2/thin/idle.png,legs/leggings2/thin/idle.png,"original by ElizaWy, remaining frames ","ElizaWy,JaidynReiman,Johannes Sjölund (wulax),Stephen Challener (Redshrike) ",OGA-BY 3.0 ,"https://github.com/ElizaWy/LPC/tree/main/Characters/Clothing,https://opengameart.org/content/lpc-expanded-sit-run-jump-more,https://opengameart.org/content/lpc-expanded-pants "
legs/pantaloons/male/idle.png,legs/pantaloons/male/idle.png,"Original bases by Redshrike, thrust/shoot bases by Wulax, Original Pantaloons by Nila122, climb/jump/run/sit/emotes/revised combat by JaidynReiman ","Nila122,JaidynReiman,Johannes Sjölund (wulax),Stephen Challener (Redshrike) ","OGA-BY 3.0,GPL 2.0,GPL 3.0,CC-BY-SA 3.0 ","https://opengameart.org/content/lpc-pirates,https://opengameart.org/content/more-lpc-clothes-and-hair,https://opengameart.org/content/lpc-expanded-pants "
legs/pantaloons/thin/idle.png,legs/pantaloons/thin/idle.png,"Original bases by Redshrike, thrust/shoot bases by Wulax, Original Pantaloons by Nila122, Female/Teen version by JaidynReiman ","Nila122,JaidynReiman,Johannes Sjölund (wulax),Stephen Challener (Redshrike) ","OGA-BY 3.0,CC-BY-SA 3.0,GPL 2.0,GPL 3.0 ","https://opengameart.org/content/lpc-pirates,https://opengameart.org/content/more-lpc-clothes-and-hair,https://opengameart.org/content/lpc-expanded-pants "
legs/pants/male/idle.png,legs/pants/male/idle.png,"original male pants by wulax, recolors and edits to v3 base by bluecarrot16, climb/jump/run/sit/emotes/revised combat by JaidynReiman based on ElizaWy's LPC Revised ","bluecarrot16,JaidynReiman,ElizaWy,Matthew Krohn (makrohn),Johannes Sjölund (wulax),Stephen Challener (Redshrike) ","OGA-BY 3.0,GPL 3.0,CC-BY-SA 3.0 ","https://opengameart.org/content/liberated-pixel-cup-lpc-base-assets-sprites-map-tiles,https://opengameart.org/content/lpc-medieval-fantasy-character-sprites,https://opengameart.org/content/lpc-expanded-pants "
legs/pants/thin/idle.png,legs/pants/thin/idle.png,"original male pants by wulax, edited for female by Joe White, recolors and edits to v3 base by bluecarrot16, teen legs by ElizaWy derived from base, climb/jump/run/sit/emotes/revised combat by JaidynReiman based on ElizaWy's LPC Revised ","bluecarrot16,JaidynReiman,ElizaWy,Joe White,Matthew Krohn (makrohn),Johannes Sjölund (wulax),Stephen Challener (Redshrike) ","OGA-BY 3.0,GPL 3.0,CC-BY-SA 3.0 ","https://opengameart.org/content/liberated-pixel-cup-lpc-base-assets-sprites-map-tiles,https://opengameart.org/content/lpc-medieval-fantasy-character-sprites,http://opengameart.org/content/lpc-clothing-updates,https://opengameart.org/content/lpc-expanded-pants "
legs/pants2/male/idle.png,legs/pants2/male/idle.png,"original overalls by ElizaWy, base animations adapted from v3 overalls by bluecarrot16, pants by JaidynReiman ","JaidynReiman,ElizaWy,Bluecarrot16,Johannes Sjölund (wulax),Stephen Challener (Redshrike) ","OGA-BY 3.0,GPL 3.0 ","https://github.com/ElizaWy/LPC/tree/main/Characters/Clothing,https://opengameart.org/content/lpc-expanded-sit-run-jump-more,https://opengameart.org/content/lpc-expanded-pants "
legs/pants2/thin/idle.png,legs/pants2/thin/idle.png,"Original bases by Redshrike, thrust/shoot bases by Wulax, original pants by ElizaWy, climb/jump/run/sit/emotes/revised combat by JaidynReiman ","ElizaWy,JaidynReiman,Johannes Sjölund (wulax),Stephen Challener (Redshrike) ",OGA-BY 3.0 ,"https://github.com/ElizaWy/LPC/tree/main/Characters/Clothing,https://opengameart.org/content/lpc-expanded-sit-run-jump-more,https://opengameart.org/content/lpc-expanded-pants "
legs/skirts/belle/thin/idle.png,legs/skirts/belle/thin/idle.png,"extended to all poses by makrohn, edited to v3 bases and animation cleanup by bluecarrot16 ","bluecarrot16,Matthew Krohn (makrohn),Lanea Zimmerman (Sharm) ","OGA-BY 3.0,CC-BY-SA 3.0,GPL 3.0 ","https://opengameart.org/content/liberated-pixel-cup-lpc-base-assets-sprites-map-tiles,https://opengameart.org/content/lpc-dress-in-combat-poses,http://opengameart.org/content/lpc-clothing-updates "
legs/skirts/legion/male/idle.png,legs/skirts/legion/male/idle.png,"original by Nila122 to legion, adapted to v3 bases by bluecarrot16, climb/jump/sit/run by JaidynReiman ","bluecarrot16,Nila122,JaidynReiman ","OGA-BY 3.0,CC-BY-SA 3.0,GPL 2.0,GPL 3.0 ","https://opengameart.org/content/lpc-roman-armor,http://opengameart.org/content/lpc-clothing-updates,https://opengameart.org/content/lpc-expanded-armour "
legs/skirts/legion/thin/idle.png,legs/skirts/legion/thin/idle.png,"original by Nila122 to legion, adapted to v3 bases by bluecarrot16, climb/jump/sit/run by JaidynReiman ","bluecarrot16,Nila122,JaidynReiman ","OGA-BY 3.0,CC-BY-SA 3.0,GPL 2.0,GPL 3.0 ","https://opengameart.org/content/lpc-roman-armor,http://opengameart.org/content/lpc-clothing-updates,https://opengameart.org/content/lpc-expanded-armour "
legs/skirts/overskirt/thin/idle.png,legs/skirts/overskirt/thin/idle.png,"original princess.xcf by Sharm, extended to all poses by makrohn, edited to v3 bases and animation cleanup by bluecarrot16 ","bluecarrot16,Matthew Krohn (makrohn),Lanea Zimmerman (Sharm) ","OGA-BY 3.0,CC-BY-SA 3.0,GPL 3.0 ","https://opengameart.org/content/liberated-pixel-cup-lpc-base-assets-sprites-map-tiles,https://opengameart.org/content/lpc-dress-in-combat-poses,http://opengameart.org/content/lpc-clothing-updates "
legs/skirts/plain/male/idle.png,legs/skirts/plain/male/idle.png,"original by wulax, edited for female base by pvigier, edited for v3 base by bluecarrot16, idle & sit by Ahmad3366, color reduced & female sit/emote by JaidynReiman ","bluecarrot16,Pierre Vigier (pvigier),Johannes Sjölund (wulax),Ahmad3366,JaidynReiman ","OGA-BY 3.0,CC-BY-SA 3.0,GPL 3.0 ",https://opengameart.org/content/lpc-medieval-fantasy-character-sprites 
legs/skirts/plain/thin/idle.png,legs/skirts/plain/thin/idle.png,"original by wulax, edited for female base by pvigier, edited for v3 base by bluecarrot16, idle & sit by Ahmad3366, color reduced & female sit/emote by JaidynReiman ","bluecarrot16,Pierre Vigier (pvigier),Johannes Sjölund (wulax),Ahmad3366,JaidynReiman ","OGA-BY 3.0,CC-BY-SA 3.0,GPL 3.0 ",https://opengameart.org/content/lpc-medieval-fantasy-character-sprites 
legs/skirts/slit/thin/idle.png,legs/skirts/slit/thin/idle.png,"original **TightDress** by Nila122, edited to skirt by ElizaWy, extended to all animation frames and edited for v3 bases by bluecarrot16 ","Nila122,ElizaWy,bluecarrot16 ","OGA-BY 3.0,CC-BY-SA 3.0,GPL 2.0,GPL 3.0 ","https://opengameart.org/content/lpc-clothes-and-hair,http://opengameart.org/content/lpc-clothing-updates "
legs/skirts/straight/thin/idle.png,legs/skirts/straight/thin/idle.png,"original skirt by ElizaWy, extended to all animation frames and edited for v3 bases by bluecarrot16 ","bluecarrot16,ElizaWy ","OGA-BY 3.0,GPL 3.0 ",http://opengameart.org/content/lpc-clothing-updates 
shoulders/bauldron/male/idle.png,shoulders/bauldron/male/idle.png,"Original by Nila122, climb/jump/sit/emote/run by JaidynReiman ","Nila122,JaidynReiman ","GPL 2.0,GPL 3.0,OGA-BY 3.0,CC-BY-SA 3.0 ",https://opengameart.org/content/more-lpc-clothes-and-hair 
shoulders/bauldron/thin/idle.png,shoulders/bauldron/thin/idle.png,"Original by Nila122, climb/jump/sit/emote/run by JaidynReiman ","Nila122,JaidynReiman ","GPL 2.0,GPL 3.0,OGA-BY 3.0,CC-BY-SA 3.0 ",https://opengameart.org/content/more-lpc-clothes-and-hair 
shoulders/epaulets/male/idle.png,shoulders/epaulets/male/idle.png,"Original by bluecarrot16, jump/run/sit/emote/revised combat frames and female by JaidynReiman ","bluecarrot16,JaidynReiman ","OGA-BY 3.0,CC-BY-SA 3.0 ",https://opengameart.org/content/lpc-pirates 
shoulders/epaulets/thin/idle.png,shoulders/epaulets/thin/idle.png,"Original by bluecarrot16, jump/run/sit/emote/revised combat frames and female by JaidynReiman ","bluecarrot16,JaidynReiman ","OGA-BY 3.0,CC-BY-SA 3.0 ",https://opengameart.org/content/lpc-pirates 
shoulders/legion/male/idle/bronze.png,shoulders/legion/male/idle.png, ,Nila122 ,"OGA-BY 3.0,CC-BY-SA 3.0,GPL 2.0,GPL 3.0 ",https://opengameart.org/content/lpc-roman-armor 
shoulders/legion/male/idle/gold.png,shoulders/legion/male/idle.png, ,Nila122 ,"OGA-BY 3.0,CC-BY-SA 3.0,GPL 2.0,GPL 3.0 ",https://opengameart.org/content/lpc-roman-armor 
shoulders/legion/male/idle/iron.png,shoulders/legion/male/idle.png, ,Nila122 ,"OGA-BY 3.0,CC-BY-SA 3.0,GPL 2.0,GPL 3.0 ",https://opengameart.org/content/lpc-roman-armor 
shoulders/legion/male/idle/silver.png,shoulders/legion/male/idle.png, ,Nila122 ,"OGA-BY 3.0,CC-BY-SA 3.0,GPL 2.0,GPL 3.0 ",https://opengameart.org/content/lpc-roman-armor 
shoulders/legion/male/idle/steel.png,shoulders/legion/male/idle.png, ,Nila122 ,"OGA-BY 3.0,CC-BY-SA 3.0,GPL 2.0,GPL 3.0 ",https://opengameart.org/content/lpc-roman-armor 
shoulders/mantal/male/idle.png,shoulders/mantal/male/idle.png,"Original by bluecarrot16, climb/jump/sit/emote/run by JaidynReiman ","bluecarrot16,JaidynReiman ","OGA-BY 3.0,GPL 3.0 ",https://opengameart.org/content/lpc-pirates 
shoulders/mantal/thin/idle.png,shoulders/mantal/thin/idle.png,"Original by bluecarrot16, female/teen version by JaidynReiman ","bluecarrot16,JaidynReiman ","OGA-BY 3.0,GPL 3.0 ",https://opengameart.org/content/lpc-pirates 
shoulders/pauldrons/male/idle.png,shoulders/pauldrons/male/idle.png,"adapted to female base by makrohn, adapted to v3 bases by bluecarrot16, climb/jump/sit/emote/run/revised combat by JaidynReiman ","Matthew Krohn (makrohn),Johannes Sjölund (wulax),bluecarrot16,JaidynReiman ","OGA-BY 3.0,CC-BY-SA 3.0,GPL 3.0 ","https://opengameart.org/content/lpc-medieval-fantasy-character-sprites,http://opengameart.org/content/lpc-clothing-updates "
shoulders/pauldrons/thin/idle.png,shoulders/pauldrons/thin/idle.png,"adapted to female base by makrohn, adapted to v3 bases by bluecarrot16, climb/jump/sit/emote/run/revised combat by JaidynReiman ","Matthew Krohn (makrohn),Johannes Sjölund (wulax),bluecarrot16,JaidynReiman ","OGA-BY 3.0,CC-BY-SA 3.0,GPL 3.0 ","https://opengameart.org/content/lpc-medieval-fantasy-character-sprites,http://opengameart.org/content/lpc-clothing-updates "
torso/armour/leather/female/idle.png,torso/armour/leather/female/idle.png,"recolor of torso/armour/leather/female/brown.png, adapted to v3 bases by bluecarrot16, reduced colors and climb/emote/jump by JaidynReiman ","Michael Whitlock (bigbeargames),Matthew Krohn (makrohn),Johannes Sjölund (wulax),bluecarrot16,JaidynReiman ","OGA-BY 3.0,CC-BY-SA 3.0,GPL 3.0 ","https://opengameart.org/content/lpc-medieval-fantasy-character-sprites,https://opengameart.org/content/lpc-combat-armor-for-women,https://opengameart.org/content/lpc-clothing-updates,https://opengameart.org/content/lpc-expanded-armor "
torso/armour/leather/male/idle.png,torso/armour/leather/male/idle.png,"adapted to v3 bases by bluecarrot16, reduced colors and climb/emote/jump by JaidynReiman ","Johannes Sjölund (wulax),bluecarrot16,JaidynReiman ","OGA-BY 3.0,CC-BY-SA 3.0,GPL 3.0 ","https://opengameart.org/content/lpc-medieval-fantasy-character-sprites,https://opengameart.org/content/lpc-clothing-updates,https://opengameart.org/content/lpc-expanded-armor "
torso/armour/legion/female/idle.png,torso/armour/legion/female/idle.png,"adapted to v3 bases by bluecarrot16, jump/run/sit/combat and teen by JaidynReiman, color reduction to 6 colors inspired by Napsio (Vitruvian Studio) ","Napsio (Vitruvian Studio),JaidynReiman,bluecarrot16,Nila122 ","OGA-BY 3.0,CC-BY-SA 3.0,GPL 2.0,GPL 3.0 ",https://opengameart.org/content/lpc-roman-armor 
torso/armour/legion/male/idle.png,torso/armour/legion/male/idle.png,"adapted to v3 bases by bluecarrot16, jump/run/sit/combat and teen by JaidynReiman, color reduction to 6 colors inspired by Napsio (Vitruvian Studio) ","Napsio (Vitruvian Studio),JaidynReiman,bluecarrot16,Nila122 ","OGA-BY 3.0,CC-BY-SA 3.0,GPL 2.0,GPL 3.0 ",https://opengameart.org/content/lpc-roman-armor 
torso/armour/plate/female/idle.png,torso/armour/plate/female/idle.png,"original by wulax, adapted to female base by makrohn, recolor by bigbeargames, color reduced to 7 colors and adapted to v3 bases by bluecarrot16, run/jump/sit/climb/revised combat by JaidynReiman, reduced colors to 6 (based on Napsio's Vitruvian) ","JaidynReiman,bluecarrot16,Michael Whitlock (bigbeargames),Matthew Krohn (makrohn),Johannes Sjölund (wulax) ","OGA-BY 3.0,CC-BY-SA 3.0,GPL 3.0 ","https://opengameart.org/content/lpc-medieval-fantasy-character-sprites,https://opengameart.org/content/lpc-combat-armor-for-women,http://opengameart.org/content/lpc-clothing-updates "
torso/armour/plate/male/idle.png,torso/armour/plate/male/idle.png,"original by wulax, recolor by bigbeargames, color reduced to 7 colors and adapted to v3 bases by bluecarrot16, run/jump/sit/climb/revised combat by JaidynReiman, reduced colors to 6 (based on Napsio's Vitruvian) ","Napsio (Vitruvian Studio),JaidynReiman,bluecarrot16,Michael Whitlock (bigbeargames),Johannes Sjölund (wulax) ","OGA-BY 3.0,CC-BY-SA 3.0,GPL 3.0 ","https://opengameart.org/content/lpc-medieval-fantasy-character-sprites,https://opengameart.org/content/lpc-combat-armor-for-women "
torso/chainmail/female/idle.png,torso/chainmail/female/idle.png,"minor edits by bluecarrot16, reduced colors by Napsio, adjusted Male colors and Idle/Sit/Emote/Climb/Run by JaidynReiman ","Johannes Sjölund (wulax),Napsio (Vitruvian Studio),JaidynReiman ","OGA-BY 3.0,CC-BY-SA 3.0,GPL 3.0 ",https://opengameart.org/content/lpc-medieval-fantasy-character-sprites 
torso/chainmail/male/idle.png,torso/chainmail/male/idle.png,"minor edits by bluecarrot16, reduced colors by Napsio, adjusted Male colors and Idle/Sit/Emote/Climb/Run by JaidynReiman ","Johannes Sjölund (wulax),Napsio (Vitruvian Studio),JaidynReiman ","OGA-BY 3.0,CC-BY-SA 3.0,GPL 3.0 ",https://opengameart.org/content/lpc-medieval-fantasy-character-sprites 
torso/clothes/longsleeve/longsleeve/female/idle.png,torso/clothes/longsleeve/longsleeve/female/idle.png,"original by ElizaWy, edited to v3 bases by bluecarrot16; cleanup and climb/jump/run/sit/emote/revised combat adapted from LPC Revised by JaidynReiman ","bluecarrot16,ElizaWy,JaidynReiman,Stephen Challener (Redshrike) ","OGA-BY 3.0,CC-BY-SA 3.0,GPL 3.0 ","https://opengameart.org/content/liberated-pixel-cup-lpc-base-assets-sprites-map-tiles,https://opengameart.org/content/lpc-7-womens-shirts,http://opengameart.org/content/lpc-clothing-updates,https://opengameart.org/content/lpc-revised-character-basics,https://github.com/ElizaWy/LPC/tree/main/Characters/Clothing,https://opengameart.org/content/lpc-expanded-sit-run-jump-more,https://opengameart.org/content/lpc-expanded-simple-shirts "
torso/clothes/longsleeve/longsleeve/male/idle.png,torso/clothes/longsleeve/longsleeve/male/idle.png,original by wulax; tweaks and further recolors by bluecarrot16; cleanup and climb/jump/run/sit/emote/revised combat adapted from LPC Revised by JaidynReiman ,"JaidynReiman,Johannes Sjölund (wulax) ","OGA-BY 3.0,CC-BY-SA 3.0,GPL 3.0 ","https://opengameart.org/content/lpc-medieval-fantasy-character-sprites,http://opengameart.org/content/lpc-clothing-updates,https://opengameart.org/content/lpc-revised-character-basics,https://github.com/ElizaWy/LPC/tree/main/Characters/Clothing,https://opengameart.org/content/lpc-expanded-sit-run-jump-more,https://opengameart.org/content/lpc-expanded-simple-shirts "
torso/clothes/longsleeve/longsleeves/female/idle.png,torso/clothes/longsleeve/longsleeves/female/idle.png,"original by ElizaWy, edited to v3 bases by bluecarrot16; cleanup and climb/jump/run/sit/emote/revised combat adapted from LPC Revised by JaidynReiman ","bluecarrot16,ElizaWy,JaidynReiman,Stephen Challener (Redshrike) ","OGA-BY 3.0,CC-BY-SA 3.0,GPL 3.0 ","https://opengameart.org/content/liberated-pixel-cup-lpc-base-assets-sprites-map-tiles,https://opengameart.org/content/lpc-7-womens-shirts,http://opengameart.org/content/lpc-clothing-updates,https://opengameart.org/content/lpc-revised-character-basics,https://github.com/ElizaWy/LPC/tree/main/Characters/Clothing,https://opengameart.org/content/lpc-expanded-sit-run-jump-more,https://opengameart.org/content/lpc-expanded-simple-shirts "
torso/clothes/longsleeve/longsleeves/male/idle.png,torso/clothes/longsleeve/longsleeves/male/idle.png,original by wulax; tweaks and further recolors by bluecarrot16; cleanup and climb/jump/run/sit/emote/revised combat adapted from LPC Revised by JaidynReiman ,"JaidynReiman,Johannes Sjölund (wulax) ","OGA-BY 3.0,CC-BY-SA 3.0,GPL 3.0 ","https://opengameart.org/content/lpc-medieval-fantasy-character-sprites,http://opengameart.org/content/lpc-clothing-updates,https://opengameart.org/content/lpc-revised-character-basics,https://github.com/ElizaWy/LPC/tree/main/Characters/Clothing,https://opengameart.org/content/lpc-expanded-sit-run-jump-more,https://opengameart.org/content/lpc-expanded-simple-shirts "
torso/clothes/longsleeve/longsleeves_cuffed/female/idle.png,torso/clothes/longsleeve/longsleeves_cuffed/female/idle.png,original by ElizaWy; spellcast/thrust/shoot/hurt/male/standalone sleeves adapted from original by JaidynReiman ,"ElizaWy,JaidynReiman,Stephen Challener (Redshrike),Johannes Sjölund (wulax) ",OGA-BY 3.0 ,"http://opengameart.org/content/lpc-revised-character-basics,https://github.com/ElizaWy/LPC/tree/main/Characters/Clothing,https://opengameart.org/content/lpc-expanded-sit-run-jump-more,https://opengameart.org/content/lpc-expanded-simple-shirts "
torso/clothes/longsleeve/longsleeves_cuffed/male/idle.png,torso/clothes/longsleeve/longsleeves_cuffed/male/idle.png,original by ElizaWy; spellcast/thrust/shoot/hurt/male/standalone sleeves adapted from original by JaidynReiman ,"ElizaWy,JaidynReiman,Stephen Challener (Redshrike),Johannes Sjölund (wulax) ",OGA-BY 3.0 ,"http://opengameart.org/content/lpc-revised-character-basics,https://github.com/ElizaWy/LPC/tree/main/Characters/Clothing,https://opengameart.org/content/lpc-expanded-sit-run-jump-more,https://opengameart.org/content/lpc-expanded-simple-shirts "
torso/clothes/sleeveless/sleeveless1/female/idle.png,torso/clothes/sleeveless/sleeveless1/female/idle.png,"original by ElizaWy walkcycle only; extended to all animations by adapting from longsleeve, edited to v3 bases by bluecarrot16; sleeveless variant by JaidynReiman ","bluecarrot16,ElizaWy,JaidynReiman,Stephen Challener (Redshrike) ","OGA-BY 3.0,CC-BY-SA 3.0,GPL 3.0 ","https://opengameart.org/content/liberated-pixel-cup-lpc-base-assets-sprites-map-tiles,https://opengameart.org/content/lpc-7-womens-shirts,http://opengameart.org/content/lpc-revised-character-basics,http://opengameart.org/content/lpc-clothing-updates,https://github.com/ElizaWy/LPC/tree/main/Characters/Clothing,https://opengameart.org/content/lpc-expanded-sit-run-jump-more,https://opengameart.org/content/lpc-expanded-simple-shirts "
torso/clothes/sleeveless/sleeveless1/male/idle.png,torso/clothes/sleeveless/sleeveless1/male/idle.png,"original by ElizaWy walkcycle only; extended to all animations by adapting from longsleeve, edited to v3 bases by bluecarrot16; sleeveless variant by JaidynReiman ","bluecarrot16,ElizaWy,JaidynReiman,Stephen Challener (Redshrike) ","OGA-BY 3.0,CC-BY-SA 3.0,GPL 3.0 ","https://opengameart.org/content/liberated-pixel-cup-lpc-base-assets-sprites-map-tiles,http://opengameart.org/content/lpc-revised-character-basics,http://opengameart.org/content/lpc-clothing-updates,https://github.com/ElizaWy/LPC/tree/main/Characters/Clothing,https://opengameart.org/content/lpc-expanded-sit-run-jump-more,https://opengameart.org/content/lpc-expanded-simple-shirts "
torso/clothes/vest/male/idle/black.png,torso/clothes/vest/male/idle.png, ,"bluecarrot16,Thane Brimhall (pennomi),laetissima,Stephen Challener (Redshrike),Johannes Sjölund (wulax) ","CC-BY-SA 3.0,GPL 3.0 ","https://opengameart.org/content/lpc-2-characters,https://opengameart.org/content/lpc-gentleman,https://opengameart.org/content/lpc-pirates "
torso/clothes/vest/male/idle/bluegray.png,torso/clothes/vest/male/idle.png, ,"bluecarrot16,Thane Brimhall (pennomi),laetissima,Stephen Challener (Redshrike),Johannes Sjölund (wulax) ","CC-BY-SA 3.0,GPL 3.0 ","https://opengameart.org/content/lpc-2-characters,https://opengameart.org/content/lpc-gentleman,https://opengameart.org/content/lpc-pirates "
torso/clothes/vest/male/idle/charcoal.png,torso/clothes/vest/male/idle.png, ,"bluecarrot16,Thane Brimhall (pennomi),laetissima,Stephen Challener (Redshrike),Johannes Sjölund (wulax) ","CC-BY-SA 3.0,GPL 3.0 ","https://opengameart.org/content/lpc-2-characters,https://opengameart.org/content/lpc-gentleman,https://opengameart.org/content/lpc-pirates "
torso/clothes/vest/male/idle/forest.png,torso/clothes/vest/male/idle.png, ,"bluecarrot16,Thane Brimhall (pennomi),laetissima,Stephen Challener (Redshrike),Johannes Sjölund (wulax) ","CC-BY-SA 3.0,GPL 3.0 ","https://opengameart.org/content/lpc-2-characters,https://opengameart.org/content/lpc-gentleman,https://opengameart.org/content/lpc-pirates "
torso/clothes/vest/male/idle/gray.png,torso/clothes/vest/male/idle.png, ,"bluecarrot16,Thane Brimhall (pennomi),laetissima,Stephen Challener (Redshrike),Johannes Sjölund (wulax) ","CC-BY-SA 3.0,GPL 3.0 ","https://opengameart.org/content/lpc-2-characters,https://opengameart.org/content/lpc-gentleman,https://opengameart.org/content/lpc-pirates "
torso/clothes/vest/male/idle/lavender.png,torso/clothes/vest/male/idle.png, ,"bluecarrot16,Thane Brimhall (pennomi),laetissima,Stephen Challener (Redshrike),Johannes Sjölund (wulax) ","CC-BY-SA 3.0,GPL 3.0 ","https://opengameart.org/content/lpc-2-characters,https://opengameart.org/content/lpc-gentleman,https://opengameart.org/content/lpc-pirates "
torso/clothes/vest/male/idle/leather.png,torso/clothes/vest/male/idle.png, ,"bluecarrot16,Thane Brimhall (pennomi),laetissima,Stephen Challener (Redshrike),Johannes Sjölund (wulax) ","CC-BY-SA 3.0,GPL 3.0 ","https://opengameart.org/content/lpc-2-characters,https://opengameart.org/content/lpc-gentleman,https://opengameart.org/content/lpc-pirates "
torso/clothes/vest/male/idle/maroon.png,torso/clothes/vest/male/idle.png, ,"bluecarrot16,Thane Brimhall (pennomi),laetissima,Stephen Challener (Redshrike),Johannes Sjölund (wulax) ","CC-BY-SA 3.0,GPL 3.0 ","https://opengameart.org/content/lpc-2-characters,https://opengameart.org/content/lpc-gentleman,https://opengameart.org/content/lpc-pirates "
torso/clothes/vest/male/idle/navy.png,torso/clothes/vest/male/idle.png, ,"bluecarrot16,Thane Brimhall (pennomi),laetissima,Stephen Challener (Redshrike),Johannes Sjölund (wulax) ","CC-BY-SA 3.0,GPL 3.0 ","https://opengameart.org/content/lpc-2-characters,https://opengameart.org/content/lpc-gentleman,https://opengameart.org/content/lpc-pirates "
torso/clothes/vest/male/idle/purple.png,torso/clothes/vest/male/idle.png, ,"bluecarrot16,Thane Brimhall (pennomi),laetissima,Stephen Challener (Redshrike),Johannes Sjölund (wulax) ","CC-BY-SA 3.0,GPL 3.0 ","https://opengameart.org/content/lpc-2-characters,https://opengameart.org/content/lpc-gentleman,https://opengameart.org/content/lpc-pirates "
torso/clothes/vest/male/idle/red.png,torso/clothes/vest/male/idle.png, ,"bluecarrot16,Thane Brimhall (pennomi),laetissima,Stephen Challener (Redshrike),Johannes Sjölund (wulax) ","CC-BY-SA 3.0,GPL 3.0 ","https://opengameart.org/content/lpc-2-characters,https://opengameart.org/content/lpc-gentleman,https://opengameart.org/content/lpc-pirates "
torso/clothes/vest/male/idle/slate.png,torso/clothes/vest/male/idle.png, ,"bluecarrot16,Thane Brimhall (pennomi),laetissima,Stephen Challener (Redshrike),Johannes Sjölund (wulax) ","CC-BY-SA 3.0,GPL 3.0 ","https://opengameart.org/content/lpc-2-characters,https://opengameart.org/content/lpc-gentleman,https://opengameart.org/content/lpc-pirates "
torso/clothes/vest/male/idle/teal.png,torso/clothes/vest/male/idle.png, ,"bluecarrot16,Thane Brimhall (pennomi),laetissima,Stephen Challener (Redshrike),Johannes Sjölund (wulax) ","CC-BY-SA 3.0,GPL 3.0 ","https://opengameart.org/content/lpc-2-characters,https://opengameart.org/content/lpc-gentleman,https://opengameart.org/content/lpc-pirates "
torso/clothes/vest/male/idle/walnut.png,torso/clothes/vest/male/idle.png, ,"bluecarrot16,Thane Brimhall (pennomi),laetissima,Stephen Challener (Redshrike),Johannes Sjölund (wulax) ","CC-BY-SA 3.0,GPL 3.0 ","https://opengameart.org/content/lpc-2-characters,https://opengameart.org/content/lpc-gentleman,https://opengameart.org/content/lpc-pirates "
torso/clothes/vest_open/male/idle/black.png,torso/clothes/vest_open/male/idle.png, ,"bluecarrot16,Thane Brimhall (pennomi),laetissima ","CC-BY-SA 3.0,GPL 3.0 ","https://opengameart.org/content/lpc-2-characters,https://opengameart.org/content/lpc-gentleman,https://opengameart.org/content/lpc-pirates "
torso/clothes/vest_open/male/idle/bluegray.png,torso/clothes/vest_open/male/idle.png, ,"bluecarrot16,Thane Brimhall (pennomi),laetissima ","CC-BY-SA 3.0,GPL 3.0 ","https://opengameart.org/content/lpc-2-characters,https://opengameart.org/content/lpc-gentleman,https://opengameart.org/content/lpc-pirates "
torso/clothes/vest_open/male/idle/charcoal.png,torso/clothes/vest_open/male/idle.png, ,"bluecarrot16,Thane Brimhall (pennomi),laetissima ","CC-BY-SA 3.0,GPL 3.0 ","https://opengameart.org/content/lpc-2-characters,https://opengameart.org/content/lpc-gentleman,https://opengameart.org/content/lpc-pirates "
torso/clothes/vest_open/male/idle/forest.png,torso/clothes/vest_open/male/idle.png, ,"bluecarrot16,Thane Brimhall (pennomi),laetissima ","CC-BY-SA 3.0,GPL 3.0 ","https://opengameart.org/content/lpc-2-characters,https://opengameart.org/content/lpc-gentleman,https://opengameart.org/content/lpc-pirates "
torso/clothes/vest_open/male/idle/gray.png,torso/clothes/vest_open/male/idle.png, ,"bluecarrot16,Thane Brimhall (pennomi),laetissima ","CC-BY-SA 3.0,GPL 3.0 ","https://opengameart.org/content/lpc-2-characters,https://opengameart.org/content/lpc-gentleman,https://opengameart.org/content/lpc-pirates "
torso/clothes/vest_open/male/idle/lavender.png,torso/clothes/vest_open/male/idle.png, ,"bluecarrot16,Thane Brimhall (pennomi),laetissima ","CC-BY-SA 3.0,GPL 3.0 ","https://opengameart.org/content/lpc-2-characters,https://opengameart.org/content/lpc-gentleman,https://opengameart.org/content/lpc-pirates "
torso/clothes/vest_open/male/idle/leather.png,torso/clothes/vest_open/male/idle.png, ,"bluecarrot16,Thane Brimhall (pennomi),laetissima ","CC-BY-SA 3.0,GPL 3.0 ","https://opengameart.org/content/lpc-2-characters,https://opengameart.org/content/lpc-gentleman,https://opengameart.org/content/lpc-pirates "
torso/clothes/vest_open/male/idle/maroon.png,torso/clothes/vest_open/male/idle.png, ,"bluecarrot16,Thane Brimhall (pennomi),laetissima ","CC-BY-SA 3.0,GPL 3.0 ","https://opengameart.org/content/lpc-2-characters,https://opengameart.org/content/lpc-gentleman,https://opengameart.org/content/lpc-pirates "
torso/clothes/vest_open/male/idle/navy.png,torso/clothes/vest_open/male/idle.png, ,"bluecarrot16,Thane Brimhall (pennomi),laetissima ","CC-BY-SA 3.0,GPL 3.0 ","https://opengameart.org/content/lpc-2-characters,https://opengameart.org/content/lpc-gentleman,https://opengameart.org/content/lpc-pirates "
torso/clothes/vest_open/male/idle/purple.png,torso/clothes/vest_open/male/idle.png, ,"bluecarrot16,Thane Brimhall (pennomi),laetissima ","CC-BY-SA 3.0,GPL 3.0 ","https://opengameart.org/content/lpc-2-characters,https://opengameart.org/content/lpc-gentleman,https://opengameart.org/content/lpc-pirates "
torso/clothes/vest_open/male/idle/red.png,torso/clothes/vest_open/male/idle.png, ,"bluecarrot16,Thane Brimhall (pennomi),laetissima ","CC-BY-SA 3.0,GPL 3.0 ","https://opengameart.org/content/lpc-2-characters,https://opengameart.org/content/lpc-gentleman,https://opengameart.org/content/lpc-pirates "
torso/clothes/vest_open/male/idle/slate.png,torso/clothes/vest_open/male/idle.png, ,"bluecarrot16,Thane Brimhall (pennomi),laetissima ","CC-BY-SA 3.0,GPL 3.0 ","https://opengameart.org/content/lpc-2-characters,https://opengameart.org/content/lpc-gentleman,https://opengameart.org/content/lpc-pirates "
torso/clothes/vest_open/male/idle/teal.png,torso/clothes/vest_open/male/idle.png, ,"bluecarrot16,Thane Brimhall (pennomi),laetissima ","CC-BY-SA 3.0,GPL 3.0 ","https://opengameart.org/content/lpc-2-characters,https://opengameart.org/content/lpc-gentleman,https://opengameart.org/content/lpc-pirates "
torso/clothes/vest_open/male/idle/walnut.png,torso/clothes/vest_open/male/idle.png, ,"bluecarrot16,Thane Brimhall (pennomi),laetissima ","CC-BY-SA 3.0,GPL 3.0 ","https://opengameart.org/content/lpc-2-characters,https://opengameart.org/content/lpc-gentleman,https://opengameart.org/content/lpc-pirates "
weapon/sword/arming/universal/bg/idle/bronze.png,weapon/sword/arming/universal/bg/idle.png, ,ElizaWy; walk and down by JaidynReiman ,OGA-BY 3.0 ,"https://github.com/ElizaWy/LPC/tree/main/Characters/Props/Sword%2001%20-%20Arming%20Sword,https://opengameart.org/content/lpc-expanded-sit-run-jump-more "
weapon/sword/arming/universal/bg/idle/gold.png,weapon/sword/arming/universal/bg/idle.png, ,ElizaWy; walk and down by JaidynReiman ,OGA-BY 3.0 ,"https://github.com/ElizaWy/LPC/tree/main/Characters/Props/Sword%2001%20-%20Arming%20Sword,https://opengameart.org/content/lpc-expanded-sit-run-jump-more "
weapon/sword/arming/universal/bg/idle/iron.png,weapon/sword/arming/universal/bg/idle.png, ,ElizaWy; walk and down by JaidynReiman ,OGA-BY 3.0 ,"https://github.com/ElizaWy/LPC/tree/main/Characters/Props/Sword%2001%20-%20Arming%20Sword,https://opengameart.org/content/lpc-expanded-sit-run-jump-more "
weapon/sword/arming/universal/bg/idle/silver.png,weapon/sword/arming/universal/bg/idle.png, ,ElizaWy; walk and down by JaidynReiman ,OGA-BY 3.0 ,"https://github.com/ElizaWy/LPC/tree/main/Characters/Props/Sword%2001%20-%20Arming%20Sword,https://opengameart.org/content/lpc-expanded-sit-run-jump-more "
weapon/sword/arming/universal/bg/idle/steel.png,weapon/sword/arming/universal/bg/idle.png, ,ElizaWy; walk and down by JaidynReiman ,OGA-BY 3.0 ,"https://github.com/ElizaWy/LPC/tree/main/Characters/Props/Sword%2001%20-%20Arming%20Sword,https://opengameart.org/content/lpc-expanded-sit-run-jump-more "
weapon/sword/arming/universal/fg/idle/bronze.png,weapon/sword/arming/universal/fg/idle.png, ,ElizaWy; walk and down by JaidynReiman ,OGA-BY 3.0 ,"https://github.com/ElizaWy/LPC/tree/main/Characters/Props/Sword%2001%20-%20Arming%20Sword,https://opengameart.org/content/lpc-expanded-sit-run-jump-more "
weapon/sword/arming/universal/fg/idle/gold.png,weapon/sword/arming/universal/fg/idle.png, ,ElizaWy; walk and down by JaidynReiman ,OGA-BY 3.0 ,"https://github.com/ElizaWy/LPC/tree/main/Characters/Props/Sword%2001%20-%20Arming%20Sword,https://opengameart.org/content/lpc-expanded-sit-run-jump-more "
weapon/sword/arming/universal/fg/idle/iron.png,weapon/sword/arming/universal/fg/idle.png, ,ElizaWy; walk and down by JaidynReiman ,OGA-BY 3.0 ,"https://github.com/ElizaWy/LPC/tree/main/Characters/Props/Sword%2001%20-%20Arming%20Sword,https://opengameart.org/content/lpc-expanded-sit-run-jump-more "
weapon/sword/arming/universal/fg/idle/silver.png,weapon/sword/arming/universal/fg/idle.png, ,ElizaWy; walk and down by JaidynReiman ,OGA-BY 3.0 ,"https://github.com/ElizaWy/LPC/tree/main/Characters/Props/Sword%2001%20-%20Arming%20Sword,https://opengameart.org/content/lpc-expanded-sit-run-jump-more "
weapon/sword/arming/universal/fg/idle/steel.png,weapon/sword/arming/universal/fg/idle.png, ,ElizaWy; walk and down by JaidynReiman ,OGA-BY 3.0 ,"https://github.com/ElizaWy/LPC/tree/main/Characters/Props/Sword%2001%20-%20Arming%20Sword,https://opengameart.org/content/lpc-expanded-sit-run-jump-more "
