step,loss_d,loss_g,real_logit,fake_logit_d,fake_logit_g,elapsed_seconds,epoch,global_step
1.0,2.2782821655273438,2.851454019546509,-0.9362651705741882,0.15658998489379883,-2.763451099395752,2.4594782998319715,1,1
2.0,1.7549642324447632,4.967143535614014,12.07869815826416,1.4354448318481445,-4.954037666320801,5.045530099887401,1,2
3.0,0.5936483144760132,6.344569683074951,14.430838584899902,-0.5102080702781677,-6.3415656089782715,7.810837099794298,1,3
4.0,0.11212921887636185,6.362981796264648,14.43956470489502,-2.551259756088257,-6.360474109649658,10.350598099874333,1,4
5.0,0.13950158655643463,5.828246116638184,14.233527183532715,-2.4365620613098145,-5.823482513427734,12.836949199903756,1,5
6.0,0.22671520709991455,6.294776916503906,14.031060218811035,-1.905644416809082,-6.291814804077148,15.884147599805146,1,6
7.0,0.1982032209634781,7.075846195220947,12.60672664642334,-2.1698596477508545,-7.074429988861084,21.328013999853283,1,7
8.0,0.11965958029031754,7.024999618530273,11.235644340515137,-2.519512891769409,-7.023674964904785,25.50271899998188,1,8
9.0,0.13350322842597961,7.319733619689941,10.364474296569824,-2.3743865489959717,-7.318800449371338,30.542744499864057,1,9
10.0,0.10148073732852936,7.498285293579102,9.087904930114746,-2.814129114151001,-7.4974684715271,34.07791360002011,1,10
11.0,0.11285490542650223,7.667651176452637,7.494731426239014,-2.710744857788086,-7.66699743270874,36.48226879979484,1,11
12.0,0.05309680104255676,7.387296199798584,6.975244998931885,-3.6431870460510254,-7.386394023895264,39.20771629991941,1,12
13.0,0.08538670092821121,7.445610046386719,7.007640838623047,-3.1072301864624023,-7.444806098937988,44.23191739991307,1,13
14.0,0.09507609903812408,8.210529327392578,6.691466331481934,-2.9280083179473877,-8.210158348083496,48.817218999844044,1,14
15.0,0.06587373465299606,7.62534761428833,6.372546672821045,-4.218533039093018,-7.62458610534668,52.20034059998579,1,15
16.0,0.048333581537008286,7.292718410491943,7.370821952819824,-3.716585874557495,-7.291694164276123,55.4763515999075,1,16
17.0,0.09348072111606598,8.526549339294434,7.607428073883057,-3.064131498336792,-8.526248931884766,59.41887589986436,1,17
18.0,0.02089775539934635,7.997996807098389,7.701651096343994,-4.348703861236572,-7.99752950668335,62.7872360998299,1,18
19.0,0.041270770132541656,7.788585186004639,7.1981000900268555,-3.969320297241211,-7.787875175476074,65.97432199981995,1,19
20.0,0.05414168909192085,8.251651763916016,7.522970199584961,-3.4290943145751953,-8.251285552978516,69.19812109996565,1,20
21.0,0.05819383263587952,8.671643257141113,6.885677337646484,-3.7154760360717773,-8.671364784240723,72.23882719990797,1,21
22.0,0.03626631200313568,8.42086410522461,7.2031731605529785,-3.883986473083496,-8.4205322265625,75.45069889980368,1,22
23.0,0.045107651501894,8.975882530212402,7.264971733093262,-3.7825684547424316,-8.975651741027832,78.46017699991353,1,23
24.0,0.04397764801979065,8.652466773986816,6.477412700653076,-4.172995090484619,-8.652194023132324,81.57293069991283,1,24
25.0,0.04585840180516243,8.954092979431152,6.72070837020874,-3.6521339416503906,-8.953916549682617,85.43684399989434,1,25
26.0,0.03398644179105759,8.919607162475586,7.093985557556152,-4.09979248046875,-8.919408798217773,89.50239049992524,1,26
27.0,0.03458009660243988,8.999999046325684,7.435396194458008,-4.065845012664795,-8.999813079833984,92.66328729991801,1,27
28.0,0.05472274869680405,8.691139221191406,7.206064224243164,-4.28496789932251,-8.690863609313965,96.604557499988,1,28
29.0,0.03267042338848114,9.297908782958984,8.035964965820312,-4.036938190460205,-9.297761917114258,100.1970166999381,1,29
30.0,0.01621255837380886,8.722868919372559,8.121729850769043,-4.603651523590088,-8.72263240814209,103.49058420001529,1,30
31.0,0.019914768636226654,8.356644630432129,8.400015830993652,-4.406885147094727,-8.356322288513184,106.60736169992015,1,31
32.0,0.034527286887168884,9.449957847595215,8.143399238586426,-3.8465681076049805,-9.44984245300293,109.50201869988814,1,32
33.0,0.027928931638598442,8.846837997436523,7.86517333984375,-4.774820327758789,-8.846634864807129,112.55847539985552,1,33
34.0,0.036507975310087204,10.009451866149902,8.309298515319824,-3.8566296100616455,-10.009383201599121,115.45718809985556,1,34
35.0,0.011288877576589584,9.244415283203125,8.102063179016113,-5.0860161781311035,-9.244271278381348,117.52809599996544,1,35
36.0,0.02927243337035179,9.223565101623535,7.733071804046631,-4.019049644470215,-9.223434448242188,120.21587219997309,1,36
37.0,0.022811278700828552,9.5794677734375,7.916417598724365,-4.211339950561523,-9.579376220703125,122.19057239987887,1,37
38.0,0.031472474336624146,8.822599411010742,7.717686653137207,-4.559584617614746,-8.822412490844727,124.83601089986041,1,38
39.0,0.03309030830860138,9.393754959106445,7.899501800537109,-3.9401283264160156,-9.393649101257324,128.11506829992868,1,39
40.0,0.013115144334733486,9.109559059143066,7.978415489196777,-4.796778202056885,-9.109408378601074,132.37120439996943,1,40
41.0,0.01790792867541313,8.894998550415039,8.200607299804688,-4.556925296783447,-8.89480209350586,135.83812939981,1,41
42.0,0.027289358898997307,10.226921081542969,8.108715057373047,-3.988957405090332,-10.226869583129883,138.09848189982586,1,42
43.0,0.007185650989413261,9.343568801879883,8.195040702819824,-5.631542205810547,-9.343454360961914,140.15214129979722,1,43
44.0,0.01861417293548584,8.68799877166748,7.404953956604004,-4.438329696655273,-8.687779426574707,142.13832029979676,1,44
45.0,0.028980927541851997,10.383252143859863,7.693932056427002,-3.940347194671631,-10.383209228515625,144.2028149999678,1,45
46.0,0.010700907558202744,9.467243194580078,7.748897552490234,-5.722813129425049,-9.467138290405273,146.30252879997715,1,46
47.0,0.013720426708459854,8.421442985534668,7.632201671600342,-4.9218549728393555,-8.421142578125,148.30268760002218,1,47
48.0,0.0444975420832634,12.063189506530762,7.4878926277160645,-3.5019309520721436,-12.06318187713623,150.18508089985698,1,48
49.0,0.005261273123323917,11.188909530639648,7.059963703155518,-7.042337894439697,-11.188888549804688,152.70330199995078,1,49
50.0,0.008547767996788025,8.464680671691895,7.43795108795166,-6.269651889801025,-8.46440601348877,154.84548199991696,1,50
51.0,0.03382810950279236,10.275894165039062,7.727480888366699,-3.639347553253174,-10.275849342346191,156.84742499981076,1,51
52.0,0.008040709421038628,9.678842544555664,7.3754353523254395,-5.822727680206299,-9.67874526977539,158.86096319998614,1,52
53.0,0.010291868820786476,8.256081581115723,7.718886375427246,-5.413294792175293,-8.255722045898438,161.31258229981177,1,53
54.0,0.035236943513154984,10.261507987976074,7.59423303604126,-3.8063158988952637,-10.261460304260254,163.25264399987645,1,54
55.0,0.0049287788569927216,9.77653980255127,8.021561622619629,-6.231098175048828,-9.776460647583008,165.2489427998662,1,55
56.0,0.007750342600047588,8.25342082977295,8.147526741027832,-5.646943092346191,-8.25302791595459,167.3815684998408,1,56
57.0,0.025794001296162605,9.802595138549805,8.032880783081055,-3.986307144165039,-9.802521705627441,169.4647407999728,1,57
58.0,0.009450888261198997,9.266304016113281,7.582377910614014,-5.551641464233398,-9.266181945800781,171.5347256998066,1,58
59.0,0.012246007099747658,8.5586576461792,7.723206996917725,-4.906639575958252,-8.558404922485352,173.71541249984875,1,59
60.0,0.027794351801276207,9.297810554504395,7.371252059936523,-4.429510593414307,-9.297683715820312,175.6921955998987,1,60
61.0,0.012827480211853981,8.969046592712402,7.874866485595703,-4.921374320983887,-8.968891143798828,177.69094319990836,1,61
62.0,0.010175757110118866,8.75775146484375,8.384563446044922,-4.993441104888916,-8.757537841796875,179.8725699998904,1,62
63.0,0.0177487563341856,9.55518627166748,7.976929187774658,-4.48048734664917,-9.555088996887207,182.14323729998432,1,63
64.0,0.009202065877616405,9.098552703857422,8.07574462890625,-5.576213836669922,-9.098393440246582,184.36573009984568,1,64
