selection_rank,candidate_index,foreground_ratio,contrast,eligible,quality_score,nearest_train_index,nearest_train_image_id,nearest_cosine_similarity,nearest_pixel_mse,novelty_score,selected,selection_diversity
1,100,0.28857422,0.19668885,True,0.72902226,3744,eryndor_3744,0.6981003,0.0148866875,0.30189967,True,1.0
2,35,0.27294922,0.16642097,True,0.7569026,2552,eryndor_2552,0.7911351,0.014851135,0.20886493,True,0.21342158
3,144,0.2998047,0.15335785,True,0.66330767,2683,eryndor_2683,0.76756227,0.032452617,0.23243773,True,0.19774306
4,141,0.2993164,0.16310938,True,0.68547046,2580,eryndor_2580,0.7592671,0.020245656,0.24073291,True,0.13845515
5,114,0.2783203,0.12780945,True,0.66076386,2683,eryndor_2683,0.7448577,0.020285597,0.25514227,True,0.13213533
6,15,0.3017578,0.1917228,True,0.70754725,3043,eryndor_3043,0.76603544,0.034296498,0.23396456,True,0.10586852
7,48,0.27197266,0.14555418,True,0.71440804,3244,eryndor_3244,0.7425729,0.016553508,0.2574271,True,0.10033107
8,20,0.30029297,0.13864209,True,0.63046885,2824,eryndor_2824,0.74816895,0.015301425,0.25183105,True,0.09798008
9,0,0.29760742,0.14713722,True,0.6552887,2530,eryndor_2530,0.78043234,0.0249937,0.21956766,True,0.08519626
10,39,0.29785156,0.15342034,True,0.66820586,2944,eryndor_2944,0.76439,0.021348173,0.23561001,True,0.065704584
